fish_stock,capture,income,nb_trawlers
0.0,0.0,0.0,4
21129.709529160456,40.0,0.0,4
20440.98995107177,46.16172050707083,120.0,4
20014.008612541988,37.69172460922335,270.80860253535417,4
19728.942912277125,0.0,379.26722558147094,4
19576.23439353726,0.0,299.26722558147094,4
19485.49240287982,0.0,219.26722558147094,4
19444.817922411647,0.0,139.26722558147094,4
19416.711961465833,0.0,59.26722558147094,4
19394.30164339154,0.0,-20.73277441852906,4
19398.785196071985,0.0,-100.73277441852906,4
19421.395427860516,20.0,-180.73277441852906,4
19420.561938265615,40.0,-160.73277441852906,4
19426.254723997274,40.0,-40.73277441852906,4
19446.86638185474,40.0,79.26722558147094,4
19476.722218988532,26.46855950980377,199.26722558147094,4
19518.611853906998,0.0,251.6100231304898,4
19617.48167758105,0.0,171.6100231304898,4
19727.08604043418,20.0,91.6100231304898,4
19830.631733402024,40.0,111.6100231304898,4
19908.641141090346,38.25995191651972,231.6100231304898,4
19992.449313375393,40.0,342.90978271308836,4
20060.529435111766,60.0,462.90978271308836,4
20084.360952490133,60.0,682.9097827130884,4
20167.24381970629,51.868216091546664,902.9097827130884,4
20262.00733707345,40.0,1082.2508631708217,4
20350.578541488805,40.0,1202.2508631708217,4
20442.358774627577,40.0,1322.2508631708217,4
20529.699178800507,40.0,1442.2508631708217,4
20611.7948257198,40.0,1562.2508631708217,4
20697.047303284493,40.0,1682.2508631708217,4
20775.744198468117,16.019823859547923,1802.2508631708217,4
20880.532609369202,0.0,1802.3499824685614,4
21006.251477854676,20.0,1722.3499824685614,4
21117.03192497032,60.0,1742.3499824685614,4
21178.638609154183,60.0,1962.3499824685614,4
21239.995901641465,60.0,2182.3499824685614,4
21293.01161079875,80.0,2402.3499824685614,4
21310.50378906115,80.0,2722.3499824685614,4
21334.585643596845,76.6699636868866,3042.3499824685614,4
21372.888925804295,80.0,3345.6998009029944,4
21421.59501980133,72.65641746186216,3665.6998009029944,4
21466.688153740615,29.127528198508294,3948.9818882123054,4
21524.583100712585,40.0,4014.619529204847,4
21562.274753466907,20.0,4134.619529204847,4
21589.668522403237,21.76327211569107,4154.619529204847,4
21604.32446407599,40.0,4183.435889783303,4
21600.340352714367,49.90091548021956,4303.435889783303,4
21603.479295095534,60.0,4472.9404671844,4
21610.559855106447,40.0,4692.9404671844,4
21628.54714146691,51.80941063316267,4812.9404671844,4
21631.909155458954,48.59641657965269,4991.987520350213,4
21635.625418721032,40.0,5154.969603248477,4
21614.329352621633,20.0,5274.969603248477,4
21585.41765410208,20.0,5294.969603248477,4
21564.497090173496,40.0,5314.969603248477,4
21548.14586271864,40.0,5434.969603248477,4
21550.166078766866,29.55873739911177,5554.969603248477,4
21543.840880154446,40.0,5622.763290244036,4
21519.10025461657,40.0,5742.763290244036,4
21506.694984460337,60.0,5862.763290244036,4
21513.267077235734,60.0,6082.763290244036,4
21512.59364740586,51.961395719639434,6302.763290244036,4
21512.236058256956,60.0,6482.570268842233,4
21483.212637219538,46.537567593139656,6702.570268842233,4
21479.711450349852,60.0,6855.258106807932,4
21471.070170761486,66.52634097277141,7075.258106807932,4
21473.51742396969,65.85832003453211,7327.889811671788,4
21444.219898326104,23.965788705904583,7577.181411844449,4
21456.407488641213,20.0,7617.010355373972,4
21494.44145587952,20.0,7637.010355373972,4
21563.026479719985,40.0,7657.010355373972,4
21622.27930160827,59.585908248971094,7777.010355373972,4
21672.604922125654,40.0,7994.939896618827,4
21730.60910548793,28.59451478363762,8114.939896618827,4
21784.818403123507,40.0,8177.912470537015,4
21825.58919182518,60.0,8297.912470537016,4
21850.536829657656,60.0,8517.912470537016,4
21880.689048079388,60.0,8737.912470537016,4
21915.560120599737,40.0,8957.912470537016,4
21923.399999418558,40.0,9077.912470537016,4
21923.234315571346,37.361651657187245,9197.912470537016,4
21957.799246746585,27.638502040966593,9304.720728822953,4
22007.231383994906,40.0,9362.913239027786,4
22035.265418397583,40.0,9482.913239027786,4
22063.963710040633,40.0,9602.913239027786,4
22081.79211387588,40.0,9722.913239027786,4
22098.60921240395,40.0,9842.913239027786,4
22131.85483545318,31.534338083728816,9962.913239027786,4
22169.746422713477,40.0,10040.58492944643,4
22213.137002521522,40.0,10160.58492944643,4
22275.018857242496,40.0,10280.58492944643,4
22324.04342027218,31.947184118797107,10400.58492944643,4
22359.11254784844,20.0,10480.320850040414,4
22432.63253494717,20.0,10500.320850040414,4
22474.706609410925,20.0,10520.320850040414,4
22527.121185359083,20.0,10540.320850040414,4
22547.22019129318,40.0,10560.320850040414,4
22545.47172266675,24.522371128336623,10680.320850040414,4
22542.80928931018,40.0,10722.932705682097,4
22537.420505142585,20.0,10842.932705682097,4
22571.967930111674,29.72802701921087,10862.932705682097,4
22621.134564367265,20.0,10931.572840778152,4
22604.135157179815,20.0,10951.572840778152,4
22593.693559687636,0.0,10971.572840778152,4
22600.940079880405,20.0,10891.572840778152,4
22590.127025303573,20.0,10911.572840778152,4
22587.482677568027,20.0,10931.572840778152,4
22607.482718227882,20.0,10951.572840778152,4
22644.683952091993,20.0,10971.572840778152,4
22664.44093817174,20.0,10991.572840778152,4
22696.416240470095,10.37511942611643,11011.572840778152,4
22758.393723779263,20.0,10983.448437908733,4
22790.059270253932,20.0,11003.448437908733,4
22821.29205022588,20.0,11023.448437908733,4
22855.872476168002,11.673291046570638,11043.448437908733,4
22896.736113733936,20.0,11021.814893141587,4
22935.57074958529,20.0,11041.814893141587,4
22966.317318258665,20.0,11061.814893141587,4
22974.220580944122,20.0,11081.814893141587,4
23005.133257626672,32.75205327813553,11101.814893141587,4
23018.38596365639,60.0,11185.575159532265,4
22972.540420646328,80.0,11405.575159532265,4
22920.06291034609,80.0,11725.575159532265,4
22877.275597818152,80.0,12045.575159532265,4
22803.648246741057,80.0,12365.575159532265,4
22759.84447206551,55.346476085490096,12685.575159532265,4
22752.791278602668,49.44476474106529,12882.307539959716,4
22726.72076448814,58.3192468203696,13049.531363665043,4
22696.85370260724,38.98801888358608,13261.12759776689,4
22701.478530993038,40.0,13376.06769218482,4
22733.222318308126,40.0,13496.06769218482,4
22766.21599327796,20.0,13616.06769218482,4
22819.986774002326,20.0,13636.06769218482,4
22877.671654764297,20.0,13656.06769218482,4
22961.5754183682,10.37709259298532,13676.06769218482,4
23061.33332816691,20.0,13647.953155149748,4
23154.071216219905,60.0,13667.953155149748,4
23210.473742218837,80.0,13887.953155149748,4
23259.479022615742,80.0,14207.953155149748,4
23297.86228469479,60.0,14527.953155149748,4
23361.532971524135,55.291523200107676,14747.953155149748,4
23431.029916751435,60.0,14944.410771150286,4
23472.134407180485,60.0,15164.410771150286,4
23480.215250600006,60.0,15384.410771150286,4
23503.185764852667,53.02576617754822,15604.410771150286,4
23544.852450984425,53.77856332815591,15789.539602038027,4
23558.353465199467,33.35208919939471,15978.432418678807,4
23563.147672404793,26.496315893353874,16065.19286467578,4
23575.851257757564,40.0,16117.67444414255,4
23592.37913102803,40.0,16237.67444414255,4
23621.180404213243,29.491289784366533,16357.67444414255,4
23663.31931157214,40.0,16425.130893064383,4
23661.601302514944,40.0,16545.130893064383,4
23645.90901383124,40.0,16665.130893064383,4
23631.04236438749,40.0,16785.130893064383,4
23616.2752544252,40.0,16905.130893064383,4
23590.415692169503,40.0,17025.130893064383,4
23577.95875286975,31.56392565748797,17145.130893064383,4
23592.73588375681,11.209349402366545,17222.950521351824,4
23634.007471041336,20.0,17198.997268363655,4
23664.03698784615,3.5360901926072756,17218.997268363655,4
23690.9749732952,0.0,17156.67771932669,4
23738.3892965069,0.0,17076.67771932669,4
23770.224938211733,20.0,16996.67771932669,4
23769.046509787375,20.0,17016.67771932669,4
23725.129279199005,20.0,17036.67771932669,4
23687.18876959781,20.0,17056.67771932669,4
23679.414584118276,18.618637217313758,17076.67771932669,4
23702.72025739346,20.0,17089.770905413257,4
23718.742405987283,40.0,17109.770905413257,4
23709.42712583197,40.0,17229.770905413257,4
23709.775926261354,40.0,17349.770905413257,4
23707.299894699463,40.0,17469.770905413257,4
23715.172602433937,39.14037057663016,17589.770905413257,4
23727.405268154587,40.0,17705.472758296408,4
23731.802867972412,60.0,17825.472758296408,4
23703.944269912343,59.347314478718374,18045.472758296408,4
23653.5726248076,60.0,18262.20933069,4
23621.860411681206,60.0,18482.20933069,4
23584.37746408312,43.02978347559911,18702.20933069,4
23576.265925106236,41.642285094046215,18837.358248067994,4
23590.553825839906,60.0,18965.569673538226,4
23549.230870853626,60.0,19185.569673538226,4
23523.54742422342,60.0,19405.569673538226,4
23512.7125299309,56.69003468908596,19625.569673538226,4
23494.77218179431,40.0,19829.019846983658,4
23509.27531468144,40.0,19949.019846983658,4
23469.317485031774,40.0,20069.019846983658,4
23412.135117823225,31.312903644670588,20189.019846983658,4
23360.085970882326,60.0,20265.58436520701,4
23313.87602210145,60.0,20485.58436520701,4
23292.56643929504,47.23452095376846,20705.58436520701,4
23280.042369076873,20.0,20861.756969975853,4
23280.159170548894,20.0,20881.756969975853,4
23281.726113709883,20.0,20901.756969975853,4
23310.336132076533,20.0,20921.756969975853,4
23312.11295666582,40.0,20941.756969975853,4
23276.279960494405,40.0,21061.756969975853,4
23253.915472504043,40.0,21181.756969975853,4
23257.93958139879,51.08307121005004,21301.756969975853,4
23223.616862671577,44.43057014336364,21477.172326026102,4
23209.516838379073,40.0,21619.32517674292,4
23228.131360561176,40.0,21739.32517674292,4
23252.595798096063,33.601130404880024,21859.32517674292,4
23276.68404677359,32.52689190214016,21947.33082876732,4
23272.636670408705,37.472692187919506,22029.96528827802,4
23247.892982712423,40.0,22137.328749217617,4
23212.47064087461,40.0,22257.328749217617,4
23228.815189133853,60.0,22377.328749217617,4
23241.822558433614,77.9207430938831,22597.328749217617,4
23257.37232231505,74.21834587904775,22906.932464687034,4
23269.138184144405,80.0,23198.02419408227,4
23292.08765975796,78.59673350813318,23518.02419408227,4
23288.832392778404,67.74707123134966,23831.007861622937,4
23297.822492922944,62.90652980292466,24089.743217779684,4
23309.205618916698,80.0,24324.275866794305,4
23265.40903722051,80.0,24644.275866794305,4
23235.16047763799,71.5287000158641,24964.275866794305,4
23215.387528976506,60.0,25241.919366873626,4
23197.838178278966,55.10527578724247,25461.919366873626,4
23134.993567391863,30.945726788988225,25657.445745809837,4
23073.316134827073,20.0,25732.17437975478,4
23050.255168391763,20.0,25752.17437975478,4
23075.3706347494,20.0,25772.17437975478,4
23100.26135167687,20.0,25792.17437975478,4
23082.74041564539,20.0,25812.17437975478,4
23101.835450673036,20.0,25832.17437975478,4
23134.482378434768,20.0,25852.17437975478,4
23204.573858304015,20.0,25872.17437975478,4
23294.475320596397,20.0,25892.17437975478,4
23381.150672405955,20.0,25912.17437975478,4
23464.06736186465,20.0,25932.17437975478,4
23556.102711806303,20.0,25952.17437975478,4
23647.893663024806,20.0,25972.17437975478,4
23754.908779267214,32.98262309436403,25992.17437975478,4
23799.422113725977,40.0,26077.0874952266,4
23846.167070589123,60.0,26197.0874952266,4
23872.253818015568,60.0,26417.0874952266,4
23917.436922431298,41.014361072382776,26637.0874952266,4
23960.157968717882,2.5356414033449894,26762.15930058851,4
24009.72261293992,0.0,26694.837507605236,4
24102.3617865613,20.0,26614.837507605236,4
24169.496918935427,40.0,26634.837507605236,4
24229.484990008175,40.0,26754.837507605236,4
24295.180543132006,60.0,26874.837507605236,4
24311.60098656611,80.0,27094.837507605236,4
24269.133160338322,80.0,27414.837507605236,4
24220.712146797632,76.65170358346474,27734.837507605236,4
24184.46307184027,44.80537926223701,28038.09602552256,4
24194.011416594247,53.44896689650177,28182.122921833743,4
24178.781564063218,24.274060746735163,28369.367756316253,4
24187.2951556066,40.0,28410.738060049927,4
24171.890832827266,28.53748059432409,28530.738060049927,4
24148.663165933707,40.0,28593.425463021547,4
24121.86478568843,40.0,28713.425463021547,4
24126.792494333065,57.7123046009978,28833.425463021547,4
24102.264462483032,60.0,29041.986986026535,4
24091.9845803827,78.53665376886273,29261.986986026535,4
24016.500833984497,63.81247397038264,29574.67025487085,4
23965.436869227273,80.0,29813.73262472276,4
23908.3145413546,77.06090601413749,30133.73262472276,4
23838.22230742864,80.0,30439.03715479345,4
23787.3716400686,60.0,30759.03715479345,4
23794.553904261473,60.0,30979.03715479345,4
23796.720218669223,60.0,31199.03715479345,4
23804.078608028376,60.0,31419.03715479345,4
23772.49542854451,44.60641318175278,31639.03715479345,4
23782.561051562934,50.83545904543155,31782.06922070221,4
23764.672368499654,39.85711434677746,31956.246515929368,4
23759.048661514575,0.0,32075.532087663254,4
23808.380958577724,0.0,31995.532087663254,4
23832.916875511244,20.0,31915.532087663254,4
23837.652570042905,20.0,31935.532087663254,4
23856.370968691488,40.0,31955.532087663254,4
23868.21262615851,40.0,32075.532087663254,4
23893.38147381205,38.1906337788749,32195.532087663254,4
23921.105935095384,25.504607800543823,32306.48525655763,4
23929.196479571332,20.0,32354.00829556035,4
23961.152312650414,22.8669934025435,32374.00829556035,4
23963.727032397244,40.0,32408.343262573067,4
23925.42020685958,40.0,32528.343262573067,4
23909.62090909207,40.0,32648.343262573067,4
23922.74852969726,40.0,32768.343262573064,4
23942.513405551996,40.0,32888.343262573064,4
23934.796702124793,40.0,33008.343262573064,4
23918.074652852756,33.84242282821129,33128.343262573064,4
23908.909053397012,20.0,33217.55537671412,4
23930.963632427127,40.0,33237.55537671412,4
23935.589850874752,28.23736352383883,33357.55537671412,4
23948.354989388255,20.0,33418.74219433331,4
23973.662387654134,20.0,33438.74219433331,4
23964.05143200147,39.75514664126939,33458.74219433331,4
23966.63033891994,20.0,33577.51792753966,4
23973.793362261407,20.0,33597.51792753966,4
23970.41857559542,40.0,33617.51792753966,4
23930.608387676006,36.992183497288195,33737.51792753966,4
23861.868247720624,20.0,33842.4788450261,4
23798.549395293263,15.760873581475117,33862.4788450261,4
23731.431378543093,40.0,33861.28321293347,4
23662.586504851242,73.37447350601644,33981.28321293347,4
23578.690194478186,75.89693063118209,34268.15558046355,4
23506.577064744393,80.0,34567.64023361946,4
23453.256603791706,60.0,34887.64023361946,4
23430.035390343797,60.0,35107.64023361946,4
23401.448716312625,60.0,35327.64023361946,4
23385.200905201546,50.959970439512055,35547.64023361946,4
23337.644444333146,25.207925114050806,35722.44008581702,4
23317.945498855588,20.0,35768.47971138727,4
23343.469670213803,4.598505027584747,35788.47971138727,4
23395.306032326716,20.0,35731.472236525195,4
23426.970422984217,40.0,35751.472236525195,4
23423.514624612937,40.0,35871.472236525195,4
23432.16009891414,40.0,35991.472236525195,4
23448.89876831259,21.961175053018206,36111.472236525195,4
23481.72600720493,37.30233100336829,36141.278111790285,4
23499.8421517522,32.825599281214224,36247.789766807124,4
23491.509251217496,40.0,36331.9177632132,4
23493.899051677763,59.06750996597969,36451.9177632132,4
23437.30679522448,60.0,36667.2553130431,4
23379.80107669653,60.0,36887.2553130431,4
23323.021205603065,40.0,37107.2553130431,4
23325.355583594737,45.147359066926484,37227.2553130431,4
23356.752269676505,40.0,37372.99210837773,4
23398.787310970445,40.0,37492.99210837773,4
23442.4105671632,40.0,37612.99210837773,4
23496.921654805625,59.223719845606134,37732.99210837773,4
23531.13807569252,60.0,37949.11070760576,4
23552.08210722134,60.0,38169.11070760576,4
23559.332700869993,47.785248398448175,38389.11070760576,4
23565.3084557508,40.0,38548.036949598,4
23588.52190264412,40.0,38668.036949598,4
23575.062774350765,40.0,38788.036949598,4
23522.888823700843,20.889351834693134,38908.036949598,4
23488.92465952037,39.215129642935956,38932.48370877146,4
23410.104054225776,40.03712876834956,39048.559356986145,4
23322.306670314723,40.0,39168.74500082789,4
23254.30614964699,40.0,39288.74500082789,4
23162.407866641814,40.0,39408.74500082789,4
23040.38096764589,32.20555965351381,39528.74500082789,4
22918.28337692197,60.0,39609.77279909546,4
22773.66114273094,60.0,39829.77279909546,4
22652.85844640732,54.23534532622702,40049.77279909546,4
22584.377934669043,40.0,40240.949525726595,4
22506.41340503358,40.0,40360.949525726595,4
22462.34812243904,40.0,40480.949525726595,4
22443.043024141465,40.0,40600.949525726595,4
22482.527540844505,36.963672250774685,40720.949525726595,4
22530.039996617223,40.0,40825.767886980466,4
22550.09138792067,36.550608701466004,40945.767886980466,4
22583.001770896226,40.0,41048.52093048779,4
22636.792918098072,40.0,41168.52093048779,4
22698.40571712295,56.02883509237826,41288.52093048779,4
22749.976462955605,60.0,41488.66510594969,4
22786.636419858813,60.0,41708.66510594969,4
22815.826708789056,60.0,41928.66510594969,4
22839.24461121962,40.0,42148.66510594969,4
22879.395945578693,29.123460665761737,42268.66510594969,4
22953.872774478765,42.15860552686849,42334.282409278494,4
23035.761162474922,60.0,42465.07543691283,4
23116.965008600124,60.0,42685.07543691283,4
23166.20593737197,60.0,42905.07543691283,4
23199.77740990557,60.0,43125.07543691283,4
23238.51912720585,30.818061348872675,43345.07543691283,4
23299.257305270025,40.0,43419.1657436572,4
23348.53501994572,40.0,43539.1657436572,4
23392.97465849003,40.0,43659.1657436572,4
23436.7486087792,40.0,43779.1657436572,4
23486.133752719106,33.150029438995475,43899.1657436572,4
23535.993304296935,40.0,43984.91589085218,4
23563.451043704248,40.0,44104.91589085218,4
23580.39502422257,40.0,44224.91589085218,4
23592.601932705133,40.0,44344.91589085218,4
23607.78692704613,31.290683984892937,44464.91589085218,4
23613.92011978809,40.0,44541.369310776645,4
23607.465235591153,40.0,44661.369310776645,4
23627.205699687816,40.0,44781.369310776645,4
23644.129524770196,40.0,44901.369310776645,4
23660.829392497813,40.0,45021.369310776645,4
23707.824030282307,40.0,45141.369310776645,4
23779.52475948157,39.29839485118933,45261.369310776645,4
23849.72588153648,40.0,45377.86128503259,4
23883.519540377423,40.0,45497.86128503259,4
23929.46196891849,43.31669107696722,45617.86128503259,4
23998.509051503046,56.40387341650603,45754.44474041742,4
23992.100215527957,60.0,45956.46410749995,4
23976.51947845233,60.0,46176.46410749995,4
23979.99466133307,60.0,46396.46410749995,4
24001.863242490803,80.0,46616.46410749995,4
24013.72516851101,74.09535304756517,46936.46410749995,4
24040.811371817177,61.40014582649325,47226.94087273778,4
24061.25104417895,60.0,47453.94160187025,4
24079.33257125501,60.0,47673.94160187025,4
24099.19900722198,43.95440450920412,47893.94160187025,4
24141.614182540794,46.470408610884014,48033.71362441627,4
24169.663000572236,16.327511206544674,48186.06566747069,4
24225.68371102933,40.0,48187.70322350341,4
24254.68217140838,40.0,48307.70322350341,4
24264.03974615717,20.0,48427.70322350341,4
24251.694382618334,20.0,48447.70322350341,4
24248.95262523616,20.0,48467.70322350341,4
24215.353048020726,20.0,48487.70322350341,4
24180.208865525365,20.0,48507.70322350341,4
24149.823867857693,40.0,48527.70322350341,4
24108.639985416132,40.0,48647.70322350341,4
24056.33680163157,60.0,48767.70322350341,4
23944.19457292792,60.0,48987.70322350341,4
23825.698564373055,42.66894994024776,49207.70322350341,4
23747.843235678505,60.0,49341.04797320465,4
23697.213762969655,60.0,49561.04797320465,4
23656.354000287043,38.40031031274019,49781.04797320465,4
23640.37845664539,40.0,49893.04952476835,4
23652.689889094072,40.0,50013.04952476835,4
23680.25965690491,40.0,50133.04952476835,4
23736.469644283836,40.0,50253.04952476835,4
23814.73563336746,40.0,50373.04952476835,4
23895.11577833557,43.07729305168145,50493.04952476835,4
23978.684658743743,47.904862243681734,50628.43599002676,4
24052.984550718324,60.0,50787.96030124517,4
24072.427177453334,60.0,51007.96030124517,4
24064.868851845018,60.0,51227.96030124517,4
24043.77714764076,60.0,51447.96030124517,4
24027.246480107522,60.0,51667.96030124517,4
24008.990513960118,60.0,51887.96030124517,4
24006.499832056707,56.06744336968485,52107.96030124517,4
23977.640309761882,41.27629987090229,52308.2975180936,4
23936.785546697247,50.52929476350394,52434.67901744811,4
23911.082041467223,40.0,52607.32549126563,4
23914.69033776596,80.0,52727.32549126563,4
23873.926755552046,69.54973448941809,53047.32549126563,4
23841.62436835488,60.0,53315.074163712714,4
23841.981293502697,60.0,53535.074163712714,4
23861.07662245106,60.0,53755.074163712714,4
23897.266713238143,72.42936187484983,53975.074163712714,4
23935.69558640907,80.0,54257.220973086965,4
23960.428114373906,80.0,54577.220973086965,4
23997.546760379188,77.85001689804142,54897.220973086965,4
24024.561775428258,52.14704933735959,55206.471057577175,4
24081.782369639004,60.0,55387.20630426397,4
24107.395278226722,46.5835102929384,55607.20630426397,4
24160.235038663937,60.0,55760.12385572866,4
24194.150698968257,80.0,55980.12385572866,4
24228.97245044392,68.13691626565335,56300.12385572866,4
24263.6052255374,60.0,56560.80843705693,4
24287.203731688656,79.44767881038509,56780.80843705693,4
24308.82207404326,80.0,57098.046831108855,4
24328.111061646043,74.62050639918101,57418.046831108855,4
24357.71583938285,80.0,57711.14936310476,4
24383.746192739083,57.72837638235784,58031.14936310476,4
24427.529454187035,40.0,58239.79124501655,4
24494.243466860557,23.438393592385307,58359.79124501655,4
24561.194060661524,47.070304657553244,58396.98321297848,4
24587.32480011909,80.0,58552.334736266246,4
24593.552048502817,79.64503357520927,58872.334736266246,4
24636.45452818592,80.0,59190.55990414229,4
24641.022186625094,80.0,59510.55990414229,4
24614.691665063496,62.308717286452094,59830.55990414229,4
24627.925922328148,74.64262163081568,60062.10349057455,4
24624.770559979952,60.0,60355.31659872863,4
24628.7004161662,55.034869506091,60575.31659872863,4
24627.794368995816,47.506493332354204,60770.49094625908,4
24632.768197563255,40.0,60928.023412920855,4
24640.13833914256,40.0,61048.023412920855,4
24614.151829516846,40.0,61168.023412920855,4
24594.08179149639,40.0,61288.023412920855,4
24559.791330655677,39.257947700243236,61408.023412920855,4
24499.4763551289,60.0,61524.31315142207,4
24451.854794144147,60.69024149464694,61744.31315142207,4
24394.977867109585,80.0,61967.76435889531,4
24317.660844682265,80.0,62287.76435889531,4
24228.361841041606,77.42912062634694,62607.76435889531,4
24158.476122770942,80.0,62914.90996202704,4
24136.393565120026,80.0,63234.90996202704,4
24093.085066962863,80.0,63554.90996202704,4
24041.12803009715,65.33554889244404,63874.90996202704,4
24034.155161401737,80.0,64121.58770648926,4
23990.118246276805,61.48427288480128,64441.58770648926,4
23969.746749108224,43.31206652326469,64669.00907091327,4
23948.134028210796,34.62510029610856,64805.5694035296,4
23966.264454529384,40.0,64898.69490501014,4
23964.442681819786,40.0,65018.69490501014,4
23957.059764334655,40.0,65138.69490501014,4
23943.02330136488,26.77491355076124,65258.69490501014,4
23925.162766025773,40.0,65312.56947276394,4
23873.973819109226,40.0,65432.56947276394,4
23872.429672941045,20.0,65552.56947276395,4
23865.099993366322,20.0,65572.56947276395,4
23872.975055816958,40.0,65592.56947276395,4
23879.182740448643,50.90808740169795,65712.56947276395,4
23845.210191422873,40.0,65887.10990977244,4
23818.42826584881,40.0,66007.10990977244,4
23843.121995167054,40.0,66127.10990977244,4
23843.882378408547,40.0,66247.10990977244,4
23858.34842362084,40.0,66367.10990977244,4
23883.666129909827,9.904039146907175,66487.10990977244,4
23943.765809714,20.0,66456.63010550698,4
23921.20154063652,20.0,66476.63010550698,4
23915.046840429615,20.0,66496.63010550698,4
23922.45269792255,20.0,66516.63010550698,4
23948.407043955656,20.0,66536.63010550698,4
23958.658849303418,40.0,66556.63010550698,4
23959.339268688724,40.0,66676.63010550698,4
23969.128218629652,17.34727787549992,66796.63010550698,4
24011.67625330192,0.0,66803.36649488448,4
24036.559017954187,20.0,66723.36649488448,4
24060.392673547947,20.0,66743.36649488448,4
24051.419140452294,40.0,66763.36649488448,4
24033.860261089096,40.0,66883.36649488448,4
24029.699096744782,40.0,67003.36649488448,4
24007.96908550202,60.0,67123.36649488448,4
23947.797615471238,60.0,67343.36649488448,4
23877.23321078983,60.0,67563.36649488448,4
23860.0475295698,35.143732041409145,67783.36649488448,4
23850.15455818731,40.0,67879.08515509152,4
23787.648045226488,40.0,67999.08515509152,4
23726.407340991067,40.0,68119.08515509152,4
23693.124909926086,40.0,68239.08515509152,4
23688.03871723779,40.0,68359.08515509152,4
23680.109287850933,38.938480657390976,68479.08515509152,4
23688.731027911774,40.0,68593.77755837848,4
23689.013854231933,40.0,68713.77755837848,4
23691.43122890197,40.0,68833.77755837848,4
23723.70749484126,40.0,68953.77755837848,4
23752.815180478225,40.0,69073.77755837848,4
23771.42607177748,41.24213220384756,69193.77755837848,4
23790.958110814987,40.0,69319.98821939772,4
23821.916744239603,40.0,69439.98821939772,4
23815.275443663326,34.67682359705026,69559.98821939772,4
23821.69437091208,40.0,69653.37233738297,4
23805.85129863747,40.0,69773.37233738297,4
23804.87140360333,23.151213026417523,69893.37233738297,4
23839.927741217984,40.0,69929.12840251505,4
23825.399293946382,38.07788341011042,70049.12840251505,4
23820.342537799268,20.0,70159.5178195656,4
23818.72591314586,20.0,70179.5178195656,4
23844.62111068726,40.0,70199.5178195656,4
23883.68161229063,60.0,70319.5178195656,4
23884.991313653318,52.492949184987424,70539.5178195656,4
23913.075198984592,53.275331512488826,70721.98256549054,4
23960.830416722652,60.0,70908.35922305299,4
24020.784898343085,60.0,71128.35922305299,4
24085.659745197503,53.493809011665704,71348.35922305299,4
24153.034590614374,49.54878155998573,71535.82826811132,4
24217.677595118825,60.0,71703.57217591125,4
24286.102765227115,56.603251811901,71923.57217591125,4
24365.523829684975,60.0,72126.58843497075,4
24425.277403346066,80.0,72346.58843497075,4
24449.784410958757,77.09926756672007,72666.58843497075,4
24464.961554352783,60.0,72972.08477280434,4
24459.19203726367,60.0,73192.08477280434,4
24446.781720378665,48.95039045526683,73412.08477280434,4
24363.994758271307,0.5840508538389276,73576.83672508068,4
24313.547282936375,0.0,73499.75697934987,4
24268.872627851928,0.0,73419.75697934987,4
24229.093383467258,0.0,73339.75697934987,4
24191.551014147495,20.0,73259.75697934987,4
24125.672121218322,60.0,73279.75697934987,4
24048.521374592765,60.0,73499.75697934987,4
23967.52898764914,48.07306779209816,73719.75697934987,4
23923.062414991673,60.0,73880.12231831036,4
23876.854134240784,60.0,74100.12231831036,4
23856.78233292842,75.85988352176315,74320.12231831036,4
23865.06788511224,78.54308326568862,74619.42173591917,4
23851.45823827434,67.00725370318807,74932.13715224761,4
23842.661912530508,42.16775598477146,75187.17342076355,4
23877.2924640386,40.0,75318.0122006874,4
23904.310593617196,40.0,75438.0122006874,4
23918.556389262427,40.0,75558.0122006874,4
23932.177677574877,40.0,75678.0122006874,4
23895.311468153322,14.750280376427593,75798.0122006874,4
23880.82519327917,46.541999593017906,75791.76360256954,4
23830.82976437335,25.124955662954832,75944.47360053463,4
23802.871477663106,40.0,75990.0983788494,4
23765.2020141974,60.0,76110.0983788494,4
23729.543419397545,60.0,76330.0983788494,4
23706.24684295277,29.900398156167523,76550.0983788494,4
23725.74362064765,60.0,76619.60036963024,4
23688.76276378968,60.0,76839.60036963024,4
23668.191085023638,60.0,77059.60036963024,4
23639.230339236223,68.63430794273916,77279.60036963024,4
23634.01771127775,49.99667084241471,77542.77190934394,4
23656.878526996083,49.903384613426944,77712.75526355601,4
23715.39566103475,46.01904139123694,77882.27218662314,4
23786.239737923486,60.0,78032.36739357933,4
23849.28951062,48.254319683563764,78252.36739357933,4
23915.513049038105,60.0,78413.63899199716,4
23955.696764388125,62.57550346955849,78633.63899199716,4
23985.295004355536,80.0,78866.51650934495,4
23975.406468829075,76.2826107946718,79186.51650934495,4
23977.31640285659,80.0,79487.9295633183,4
23957.662477666556,80.0,79807.9295633183,4
23894.475871340554,62.82923739867333,80127.9295633183,4
23842.890013920645,60.0,80362.07575031168,4
23809.310721228467,43.33677988339675,80582.07575031168,4
23797.86264666865,60.0,80718.75964972866,4
23793.152431957165,45.47197429055379,80938.75964972866,4
23794.69879543664,23.570122220900966,81086.11952118143,4
23804.45728880383,40.0,81123.97013228593,4
23771.74660713265,24.246686052907144,81243.97013228593,4
23782.71051084222,10.208301634406878,81285.20356255046,4
23832.20471183379,40.0,81256.24507072249,4
23878.477887545858,40.0,81376.24507072249,4
23931.57997198959,60.0,81496.24507072249,4
23970.264768698045,60.0,81716.24507072249,4
24003.226320251222,59.397985984880364,81936.24507072249,4
24013.99902749834,40.0,82153.23500064689,4
24016.668016968055,43.15033072115678,82273.23500064689,4
24049.422117064165,40.0,82408.98665425267,4
24074.72753555963,20.0,82528.98665425267,4
24108.093533705527,20.0,82548.98665425267,4
24163.113475483242,40.0,82568.98665425267,4
24167.77413328481,40.0,82688.98665425267,4
24165.59875073761,30.65921609463699,82808.98665425267,4
24181.271674969386,20.0,82882.28273472586,4
24212.84279543337,20.0,82902.28273472586,4
24273.905551700518,36.03716933754262,82922.28273472586,4
24332.222520516687,40.0,83022.46858141357,4
24360.81454137975,40.0,83142.46858141357,4
24377.44299691055,45.61972916304525,83262.46858141357,4
24370.468503895703,56.94949958649269,83410.5672272288,4
24333.656292902968,60.0,83615.31472516127,4
24287.93238035128,60.0,83835.31472516127,4
24249.238046023886,43.312663318348,84055.31472516127,4
24225.42663905467,52.555912757747706,84191.878041753,4
24207.92265661246,60.0,84374.65760554174,4
24173.85722165884,60.0,84594.65760554174,4
24107.80395595421,59.34689187677773,84814.65760554174,4
24022.77755285293,80.0,85031.39206492563,4
23948.175294917455,61.5819278629966,85351.39206492563,4
23913.022737206058,60.0,85579.30170424061,4
23890.45257723907,60.0,85799.30170424061,4
23878.327776908303,74.11865723444875,86019.30170424061,4
23863.614305463314,41.85893728830568,86309.89499041285,4
23883.714475460783,40.0,86439.18967685438,4
23905.370524462338,60.0,86559.18967685438,4
23911.22352443271,40.631929529185655,86779.18967685438,4
23941.92886565519,36.95764299842569,86902.3493245003,4
23963.263952968748,40.0,87007.13753949244,4
23961.589740430758,23.303057043644806,87127.13753949244,4
23979.454134992815,40.0,87163.65282471066,4
23982.84594359248,40.0,87283.65282471066,4
23981.16934234719,40.0,87403.65282471066,4
23989.276016187137,45.2144989883052,87523.65282471066,4
24006.062337768468,40.0,87669.72531965219,4
24027.314385305926,40.0,87789.72531965219,4
24065.14278091966,40.0,87909.72531965219,4
24113.92347091351,60.0,88029.72531965219,4
24145.823030899184,43.31380736696791,88249.72531965219,4
24144.082878696936,80.0,88386.29435648704,4
24102.486095964494,60.0,88706.29435648704,4
24094.836238620555,60.0,88926.29435648704,4
24082.157806726223,60.0,89146.29435648704,4
24034.975675517686,42.286547408085475,89366.29435648704,4
24015.5239469309,40.0,89497.72709352746,4
23978.56882371946,57.377751033323804,89617.72709352746,4
23949.733737852144,40.0,89824.61584869407,4
23936.8824737568,40.0,89944.61584869407,4
23931.022103354146,40.0,90064.61584869407,4
23955.687944574438,40.0,90184.61584869407,4
23952.00614454627,40.0,90304.61584869407,4
23966.294398606224,2.6739843532941845,90424.61584869407,4
24006.284607699046,40.0,90357.98577046054,4
24013.491126680718,60.0,90477.98577046054,4
24000.070851374825,57.877212798108346,90697.98577046054,4
23975.831124165154,40.0,90907.37183445109,4
23955.896128291686,40.0,91027.37183445109,4
23918.05923554634,32.84765647860779,91147.37183445109,4
23849.14670984592,20.0,91231.61011684412,4
23779.38046121448,20.0,91251.61011684412,4
23760.33722829406,15.545723601773226,91271.61011684412,4
23761.803870695836,20.0,91269.338734853,4
23767.7423773367,20.0,91289.338734853,4
23788.037059523296,1.93179487986008,91309.338734853,4
23853.52764646207,0.0,91238.99770925229,4
23920.39761213026,0.0,91158.99770925229,4
23994.338706070408,20.0,91078.99770925229,4
24061.95123957322,20.0,91098.99770925229,4
24121.883555267992,34.09162027020044,91118.99770925229,4
24175.884201813482,60.0,91209.4558106033,4
24219.251536225496,60.0,91429.4558106033,4
24228.085899228656,55.01268580460565,91649.4558106033,4
24246.152652035144,22.534718892817505,91844.51923962632,4
24295.882193796755,40.0,91877.1928340904,4
24358.93201391307,38.456581157743685,91997.1928340904,4
24389.49253563567,20.0,92109.47573987911,4
24450.22115762251,40.0,92129.47573987911,4
24500.058240187183,40.0,92249.47573987911,4
24547.09640080434,28.47044138583089,92369.47573987911,4
24601.817773735194,40.0,92431.82794680826,4
24665.162784237124,40.0,92551.82794680826,4
24720.927036334142,37.63598138516522,92671.82794680826,4
24754.076370019357,20.0,92780.00785373409,4
24763.62058957216,20.0,92800.00785373409,4
24753.164551347745,40.0,92820.00785373409,4
24739.47269149632,28.177645076140056,92940.00785373409,4
24725.67081508971,60.0,93000.89607911478,4
24700.549671878893,60.0,93220.89607911478,4
24617.620117730483,60.0,93440.89607911478,4
24550.07572480581,80.0,93660.89607911478,4
24472.929250620196,80.0,93980.89607911478,4
24408.46559350331,43.68213921684734,94300.89607911478,4
24387.026579642392,80.0,94439.30677519902,4
24338.477033415602,80.0,94759.30677519902,4
24285.77093229086,80.0,95079.30677519902,4
24235.75054946113,72.82124388244199,95399.30677519902,4
24189.116046411844,41.40568938074765,95683.41299461122,4
24166.598017606306,60.0,95810.44144151497,4
24127.1941382519,43.16769414615018,96030.44144151497,4
24142.17626820301,80.0,96166.27991224572,4
24116.441481325382,80.0,96486.27991224572,4
24088.56750688166,49.89226412197718,96806.27991224572,4
24117.84099009929,80.0,96975.74123285561,4
24105.55030277887,60.0,97295.74123285561,4
24120.13443996625,60.0,97515.74123285561,4
24138.296920818662,60.0,97735.74123285561,4
24146.220459361895,60.0,97955.74123285561,4
24186.74755869619,54.41828627882276,98175.74123285561,4
24197.381471011224,56.08273722080435,98367.83266424973,4
24201.44345605064,65.41277329283314,98568.24635035374,4
24171.37048983203,80.0,98815.3102168179,4
24081.593152538313,47.91981232704381,99135.3102168179,4
23998.477912241022,40.0,99294.90927845312,4
23918.846104011773,40.0,99414.90927845312,4
23816.62436633292,20.297528560502254,99534.90927845312,4
23759.853859990304,6.058452579723992,99556.39692125564,4
23695.064964047488,20.0,99506.68918415427,4
23659.978878594375,20.0,99526.68918415427,4
23698.36326034607,12.33901111712233,99546.68918415427,4
23780.56017242782,20.0,99528.38423973988,4
23833.51575008854,20.0,99548.38423973988,4
23883.741574608717,13.961052902559633,99568.38423973988,4
23909.142365516916,20.0,99558.18950425269,4
23920.87528805982,20.0,99578.18950425269,4
23941.29916564839,14.996945191602544,99598.18950425269,4
23991.40120689843,20.0,99593.1742302107,4
24031.551252373374,20.0,99613.1742302107,4
24092.49843442896,20.0,99633.1742302107,4
24151.43585247471,20.0,99653.1742302107,4
24226.270525559143,40.0,99673.1742302107,4
24263.508355269772,40.0,99793.1742302107,4
24296.850425868,58.34620071395466,99913.1742302107,4
24297.788007202897,40.0,100124.90523378048,4
24337.440553502172,20.0,100244.90523378048,4
24413.631939902694,20.0,100264.90523378048,4
24490.593386057135,20.0,100284.90523378048,4
24504.397513129337,20.0,100304.90523378048,4
24519.884030929916,20.0,100324.90523378048,4
24544.8368603808,20.0,100344.90523378048,4
24558.25550621081,20.0,100364.90523378048,4
24536.7565368694,40.0,100384.90523378048,4
24532.208161337196,22.057437420790606,100504.90523378048,4
24543.560799486688,29.97580180015393,100535.19242088443,4
24549.574980340793,13.31874762980842,100605.0714298852,4
24550.76525931654,20.0,100591.66516803423,4
24564.451171601093,20.0,100611.66516803423,4
24564.843083661162,9.614155637615312,100631.66516803423,4
24555.141304921,20.0,100599.73594622231,4
24521.642044639626,40.0,100619.73594622231,4
24465.083614713723,40.0,100739.73594622231,4
24420.444930918817,55.918429842134984,100859.73594622231,4
24348.782688275078,60.0,101059.32809543298,4
24292.83775270611,60.0,101279.32809543298,4
24252.38874613747,60.0,101499.32809543298,4
24221.494390612024,60.0,101719.32809543298,4
24176.559543233674,41.67222200926377,101939.32809543298,4
24157.898329151332,40.0,102067.6892054793,4
24096.4255914105,20.125420639814248,102187.6892054793,4
24051.667879351557,1.3300352703765477,102208.31630867838,4
24025.615883666185,2.972304053844331,102134.96648503027,4
24011.12820523365,20.0,102069.82800529948,4
24010.520356102723,20.0,102089.82800529948,4
24006.49063058915,40.0,102109.82800529948,4
24005.396967794914,40.0,102229.82800529948,4
24039.694491989136,60.0,102349.82800529948,4
24056.370763880906,60.0,102569.82800529948,4
24079.571912282445,75.27733891391775,102789.82800529948,4
24074.488136503172,67.04780539958003,103086.21469986907,4
24055.474697500595,40.0,103341.45372686697,4
24039.643383647206,33.805066839921224,103461.45372686697,4
24054.827082195643,40.0,103550.47906106657,4
24075.372418966097,40.0,103670.47906106657,4
24090.713118451346,40.0,103790.47906106657,4
24121.60347673626,27.93461285874106,103910.47906106657,4
24153.15213759963,33.84923881201034,103970.15212536027,4
24184.044851315863,40.0,104059.39831942032,4
24233.157162859865,60.0,104179.39831942032,4
24262.531918268112,60.0,104399.39831942032,4
24276.196273969614,74.77001398172676,104619.39831942032,4
24285.20408474376,60.662557025408844,104913.24838932895,4
24265.445292037002,60.0,105136.56117445599,4
24227.801352433074,57.4806745409915,105356.56117445599,4
24206.41668376151,60.0,105563.96454716094,4
24196.591199843828,60.0,105783.96454716094,4
24194.819491959806,63.42193419676916,106003.96454716094,4
24153.69848175858,60.0,106241.07421814479,4
24140.390682030997,60.0,106461.07421814479,4
24119.539815443746,60.0,106681.07421814479,4
24106.62578355591,58.50369455784824,106901.07421814479,4
24071.867302078455,60.0,107113.59269093403,4
24038.151878358392,24.790639253210486,107333.59269093403,4
24050.090969576526,40.0,107377.54588720009,4
24052.657109600987,60.0,107497.54588720009,4
24031.52102372869,60.0,107717.54588720009,4
23981.478422079967,80.0,107937.54588720009,4
23916.842966848704,80.0,108257.54588720009,4
23865.463290802913,80.0,108577.54588720009,4
23835.21823327584,80.0,108897.54588720009,4
23813.99278597468,78.50663761779848,109217.54588720009,4
23799.686623122936,45.18809219892756,109530.07907528908,4
23825.34323232908,40.0,109676.01953628371,4
23830.976022705014,60.0,109796.01953628371,4
23810.186889605586,75.86277352665802,110016.01953628371,4
23808.016460745803,80.0,110315.333403917,4
23815.646791910603,75.31690224189614,110635.333403917,4
23837.627945681776,80.0,110931.91791512648,4
23827.233682231163,69.68907352415063,111251.91791512648,4
23822.138157295332,40.0,111520.36328274723,4
23831.805300247535,21.611768409943497,111640.36328274723,4
23861.52064672095,33.45288289516675,111668.42212479695,4
23890.81413714789,25.16478962010245,111755.68653927279,4
23915.690126241472,40.0,111801.5104873733,4
23928.362855901192,40.0,111921.5104873733,4
23974.569111467965,40.0,112041.5104873733,4
24027.59409883881,33.12260727213219,112161.5104873733,4
24077.601793435468,40.0,112247.12352373397,4
24122.86986711307,60.0,112367.12352373397,4
24113.14973782158,60.0,112587.12352373397,4
24094.985355071163,75.65917590482033,112807.12352373397,4
24076.75091818026,64.70124966924334,113105.41940325807,4
24078.459042744427,64.24476176709184,113348.92565160428,4
24030.312846136007,66.22021658626744,113590.14946043974,4
23983.62727837452,56.07669912728866,113841.25054337108,4
23925.046816544356,52.30099271560124,114041.63403900752,4
23900.16202949531,40.0,114223.13900258552,4
23888.39385728788,40.0,114343.13900258552,4
23910.403383474655,60.0,114463.13900258552,4
23918.74476960926,60.0,114683.13900258552,4
23895.256313487247,60.0,114903.13900258552,4
23875.527673407774,60.0,115123.13900258552,4
23852.26399356795,60.0,115343.13900258552,4
23842.636700738167,58.64042889740165,115563.13900258552,4
23846.27789856291,57.93919487861312,115776.34114707253,4
23884.24007021698,35.4426257599773,115986.03712146559,4
23964.22574661731,39.63617197794983,116083.25025026548,4
24050.172380410164,40.0,116201.43111015523,4
24076.115251349733,40.0,116321.43111015523,4
24095.86533607324,33.7901896007922,116441.43111015523,4
24138.986746218947,60.0,116530.38205815919,4
24175.476919798097,60.0,116750.38205815919,4
24184.36105261671,60.0,116970.38205815919,4
24182.68369519158,54.572869445588175,117190.38205815919,4
24201.00404897314,46.58722514740091,117383.24640538712,4
24216.19282422677,40.0,117536.18253112413,4
24259.930630447237,40.0,117656.18253112413,4
24298.368981097792,40.0,117776.18253112413,4
24307.0532989699,40.0,117896.18253112413,4
24318.495955803795,40.0,118016.18253112413,4
24294.975495494564,29.52459190273326,118136.18253112413,4
24277.76932141041,40.0,118203.8054906378,4
24238.292597785494,40.0,118323.8054906378,4
24196.5329748092,34.885998686911115,118443.8054906378,4
24153.467106053828,60.0,118538.23548407236,4
24121.418873949213,47.04385591448103,118758.23548407236,4
24117.888299643,40.0,118913.45476364477,4
24143.241267137222,60.0,119033.45476364477,4
24117.7950537891,60.0,119253.45476364477,4
24089.405219564884,60.0,119473.45476364477,4
24049.175825892213,66.25321146593174,119693.45476364477,4
23970.646127011194,80.0,119944.72082097443,4
23915.703917642422,79.6993626982532,120264.72082097443,4
23888.992179637466,60.0,120583.21763446569,4
23881.173012531806,60.0,120803.21763446569,4
23900.564511325818,50.415348297314026,121023.21763446569,4
23924.26741527884,60.0,121195.29437595226,4
23920.442904127394,60.0,121415.29437595226,4
23943.240937886196,60.0,121635.29437595226,4
23989.460681442146,73.10605876758738,121855.29437595226,4
24041.395691020476,74.93891751638475,122140.82466979019,4
24101.321208130703,69.25214546437138,122435.51925737211,4
24169.443053759824,80.0,122701.77998469397,4
24203.85585617379,80.0,123021.77998469397,4
24223.026328950247,77.04613902902881,123341.77998469397,4
24216.200455028582,60.0,123647.01067983912,4
24248.494088780517,60.0,123867.01067983912,4
24288.71192399424,74.4493329288427,124087.01067983912,4
24284.756479790292,80.0,124379.25734448334,4
24270.793069928688,80.0,124699.25734448334,4
24284.188332328627,79.00632300210125,125019.25734448334,4
24301.814407482118,78.34476554893175,125334.28895949385,4
24323.88147038953,80.0,125646.0127872385,4
24331.491115207416,80.0,125966.0127872385,4
24355.972909322747,37.863838097025415,126286.0127872385,4
24430.95192630255,59.04546821535108,126395.33197772363,4
24490.10913473529,35.730063643668764,126610.55931880038,4
24558.416703969444,33.969746792840766,126709.20963701872,4
24606.204269794478,40.0,126799.05837098292,4
24626.487817363213,34.969727088154656,126919.05837098292,4
24643.70411554314,23.34107601734734,127013.9070064237,4
24671.004681418854,20.0,127050.61238651045,4
24703.59533150192,19.875136362448934,127070.61238651045,4
24719.88058024346,40.0,127089.9880683227,4
24716.822401259473,57.539310362160734,127209.9880683227,4
24707.03519332749,35.9602603479553,127417.6846201335,4
24711.748208159806,20.0,127517.48592187327,4
24700.00033742507,35.97765890999016,127537.48592187327,4
24697.39110419689,40.0,127637.37421642322,4
24719.556365854718,28.87550312126263,127757.37421642322,4
24769.99444543924,20.0,127821.75173202954,4
24820.416527882393,60.0,127841.75173202954,4
24820.05696498048,60.0,128061.75173202954,4
24785.50263100788,60.0,128281.75173202954,4
24773.009317778993,58.16385798882451,128501.75173202954,4
24744.552443955603,59.59291002055038,128712.57102197366,4
24698.17561176588,60.0,128930.53557207642,4
24640.458395326536,60.0,129150.53557207642,4
24593.708411343392,67.49506652191481,129370.53557207642,4
24525.708644586062,60.0,129628.01090468599,4
24464.342426319014,60.0,129848.01090468599,4
24410.689122421878,47.14548548418996,130068.01090468599,4
24376.431761757343,60.0,130223.73833210694,4
24361.534212855153,60.0,130443.73833210694,4
24351.98089904054,80.0,130663.73833210694,4
24344.309791039614,74.62950067385744,130983.73833210694,4
24363.040945844437,70.87948775503686,131276.88583547622,4
24359.437919584336,80.0,131551.28327425141,4
24356.90695624252,65.84514354296822,131871.28327425141,4
24360.533543112222,60.0,132120.50899196626,4
24380.721628095736,60.0,132340.50899196626,4
24387.85149792189,42.48516832771976,132560.50899196626,4
24401.0108715635,40.18818430279376,132692.93483360484,4
24457.00729212333,40.0,132813.87575511882,4
24503.744613867933,34.48449727100403,132933.87575511882,4
24527.739882269616,71.97737400109581,133026.29824147385,4
24481.69318051007,80.0,133306.18511147934,4
24413.736981599366,40.0,133626.18511147934,4
24370.451639638,40.0,133746.18511147934,4
24330.301077271808,40.0,133866.18511147934,4
24267.646779734085,40.0,133986.18511147934,4
24221.62553178879,40.0,134106.18511147934,4
24199.59518014337,38.72369374052477,134226.18511147934,4
24205.503511015413,60.0,134339.80358018196,4
24202.403862753017,58.79688359554734,134559.80358018196,4
24195.982024959405,60.0,134773.7879981597,4
24164.284324065815,60.0,134993.7879981597,4
24099.899641730703,38.84602392021327,135213.7879981597,4
24067.24528988242,40.0,135328.01811776077,4
24060.671598664263,27.35307526645106,135448.01811776077,4
24095.93261035607,60.0,135504.78349409302,4
24096.960287035483,52.930667900080664,135724.78349409302,4
24112.112494396428,60.0,135909.4368335934,4
24116.42951758515,65.12802184100568,136129.4368335934,4
24120.358735174992,60.0,136375.07694279845,4
24144.70175089914,70.42449676145301,136595.07694279845,4
24163.390861454776,80.0,136867.19942660572,4
24191.800642921913,80.0,137187.19942660572,4
24224.128895248083,79.39190685676843,137507.19942660572,4
24245.007605558607,72.97685281799939,137824.15896088956,4
24271.81626448732,80.0,138109.04322497957,4
24259.15155189682,79.38635009949418,138429.04322497957,4
24240.3016963756,76.56455487525724,138745.97497547703,4
24211.38503194561,80.0,139048.79774985331,4
24203.450733722453,63.9445007860113,139368.79774985331,4
24212.08043501051,23.283617418016615,139608.52025378338,4
24259.868846111833,20.0,139644.93834087346,4
24335.262740469796,20.0,139664.93834087346,4
24418.10035344967,40.0,139684.93834087346,4
24477.090402397072,40.0,139804.93834087346,4
24527.067329743102,20.0,139924.93834087346,4
24605.321988237803,20.0,139944.93834087346,4
24691.902926865147,20.0,139964.93834087346,4
24774.796931523797,20.0,139984.93834087346,4
24869.838391671146,20.0,140004.93834087346,4
24951.3189782579,34.48340945006619,140024.93834087346,4
24976.26093224617,40.0,140117.35538812377,4
24974.017693664013,29.227697330221282,140237.35538812377,4
24971.242727133194,20.0,140303.49387477487,4
24998.39999267626,20.0,140323.49387477487,4
25011.869518439104,25.395775608590156,140343.49387477487,4
25001.965040212206,40.0,140390.47275281782,4
25000.974220943088,40.0,140510.47275281782,4
25021.63457082282,40.0,140630.47275281782,4
25050.72099544874,40.0,140750.47275281782,4
25061.84671442691,42.86291736896431,140870.47275281782,4
25050.93713255088,40.0,141004.78733966264,4
25048.973995073393,23.78488978853807,141124.78733966264,4
25077.641535158906,40.0,141163.71178860532,4
25073.02799585933,40.0,141283.71178860532,4
25042.338684337017,43.424882805906954,141403.71178860532,4
25072.27624436181,60.0,141540.83620263485,4
25085.61779346928,60.0,141760.83620263485,4
25125.17821237623,33.31272620083669,141980.83620263485,4
25173.766837354604,60.574490027380406,142067.39983363904,4
25191.232518266792,58.21841340137681,142290.27228377594,4
25193.260057653184,40.0,142501.36435078282,4
25213.79443016371,40.0,142621.36435078282,4
25191.171087325783,40.0,142741.36435078282,4
25151.088937779983,40.0,142861.36435078282,4
25137.85369406331,60.0,142981.36435078282,4
25027.061911637877,48.78527058933521,143201.36435078282,4
24983.1468919436,48.49594593106137,143365.2907037295,4
24977.468334895468,60.0,143527.7704333848,4
24942.313757321543,46.42904164559657,143747.7704333848,4
24936.074972773215,40.0,143899.91564161278,4
24932.21868033359,34.76817417138418,144019.91564161278,4
24940.06721649396,40.0,144113.7565124697,4
24933.881004359926,39.34170782293303,144233.7565124697,4
24920.753182138553,20.0,144350.46505158435,4
24951.740590513076,40.0,144370.46505158435,4
24974.29177306929,40.0,144490.46505158435,4
25002.283465675187,20.0,144610.46505158435,4
25056.5367409914,20.0,144630.46505158435,4
25103.84604340053,20.0,144650.46505158435,4
25126.82338082339,37.54890571635172,144670.46505158435,4
25121.561631169658,58.803171612848324,144778.20958016612,4
25085.253016017534,60.0,144992.22543823035,4
25070.353926220563,80.0,145212.22543823035,4
25057.84796479049,73.54210950445962,145532.22543823035,4
25052.761985997826,40.0,145819.93598575264,4
25071.9555437261,51.14572420622866,145939.93598575264,4
25078.412135678624,52.34377988590494,146115.6646067838,4
25056.29768359033,40.0,146297.38350621331,4
25064.849440421363,40.0,146417.38350621331,4
25048.82377030536,40.0,146537.38350621331,4
25036.161223699553,40.0,146657.38350621331,4
25027.466943187686,40.0,146777.38350621331,4
25034.649912526795,40.0,146897.38350621331,4
25084.85634760927,33.402102690963616,147017.38350621331,4
25120.49480458432,20.0,147104.39401966814,4
25165.195049674883,40.0,147124.39401966814,4
25177.300255421582,40.0,147244.39401966814,4
25175.20277349681,37.78330171982893,147364.39401966814,4
25145.096004521423,40.0,147473.3105282673,4
25113.45748676882,35.6657501341574,147593.3105282673,4
25085.815532055924,0.0,147691.6392789381,4
25106.440536856488,20.0,147611.6392789381,4
25114.419339468335,40.0,147631.6392789381,4
25101.907591706287,40.0,147751.6392789381,4
25084.21952236012,40.0,147871.6392789381,4
25109.099145903623,34.133184586389795,147991.6392789381,4
25137.763620659443,40.0,148082.30520187004,4
25157.425906419303,32.38777322607599,148202.30520187004,4
25177.034924826712,40.0,148284.2440680004,4
25183.482303903456,40.0,148404.2440680004,4
25181.90811174841,40.0,148524.2440680004,4
25195.269439094795,40.0,148644.2440680004,4
25232.12617072251,38.34233227063065,148764.2440680004,4
25285.62456635971,40.0,148875.95572935356,4
25335.09280635211,60.0,148995.95572935356,4
25363.387150828108,40.0,149215.95572935356,4
25393.699129179397,39.91341497457779,149335.95572935356,4
25416.401011793205,40.0,149455.52280422646,4
25437.425400380005,34.6833988344442,149575.52280422646,4
25440.935218531766,40.0,149668.93979839867,4
25454.026873482228,60.0,149788.93979839867,4
25432.42406246747,60.0,150008.93979839867,4
25387.66998368836,71.01778186714216,150228.93979839867,4
25350.496398632073,69.38526030781237,150504.02870773437,4
25325.137712314343,60.0,150770.95500927343,4
25311.747414308466,60.0,150990.95500927343,4
25300.649916814782,69.17347942582387,151210.95500927343,4
25260.938955707934,80.0,151476.82240640256,4
25191.68585657895,66.75514541786666,151796.82240640256,4
25174.995853294247,76.74578348381436,152050.59813349188,4
25146.468874177302,22.092462100447595,152354.32705091094,4
25149.877827928267,40.0,152384.7893614132,4
25144.40806231984,39.48532839894091,152504.7893614132,4
25149.349595269392,40.0,152622.2160034079,4
25090.40179984032,39.64036329001205,152742.2160034079,4
25065.5188215404,0.0,152860.41781985795,4
25091.67349523466,0.0,152780.41781985795,4
25133.514171673858,0.0,152700.41781985795,4
25204.77664567596,20.0,152620.41781985795,4
25249.847130640755,50.534128274614176,152640.41781985795,4
25276.16656658526,60.0,152813.088461231,4
25282.15838212074,56.98051446824035,153033.088461231,4
25290.918233471355,40.0,153237.9910335722,4
25329.85548209661,27.118450907635022,153357.9910335722,4
25362.90532340957,20.0,153413.58328811039,4
25374.85232328717,20.0,153433.58328811039,4
25386.325949372516,20.0,153453.58328811039,4
25440.455263944063,20.0,153473.58328811039,4
25497.96201536003,74.56128580499612,153493.58328811039,4
25507.078413951214,60.0,153786.38971713537,4
25536.334299257967,40.0,154006.38971713537,4
25541.598979046525,26.17760835702728,154126.38971713537,4
25548.709709581235,38.41455490449923,154177.2777589205,4
25518.936704965698,20.0,154289.350533443,4
25501.03543940022,40.0,154309.350533443,4
25439.38135160623,59.5500639584874,154429.350533443,4
25363.944544298913,60.0,154647.10085323543,4
25309.104211995138,76.74776580240139,154867.10085323543,4
25222.130675739885,74.54707239928908,155170.83968224743,4
25147.086742779058,66.55257698383542,155463.5750442439,4
25050.048654634407,80.0,155716.33792916307,4
24948.742569680897,40.0,156036.33792916307,4
24852.55260877942,32.34683005323619,156156.33792916307,4
24768.52411341504,20.0,156238.07207942926,4
24687.450023065314,20.0,156258.07207942926,4
24631.932073374894,18.655289633098988,156278.07207942926,4
24589.559661585667,20.0,156291.34852759476,4
24574.25337854269,20.0,156311.34852759476,4
24570.66540696442,20.0,156331.34852759476,4
24576.453821806845,28.46355577869356,156351.34852759476,4
24596.556198623515,40.0,156413.66630648822,4
24603.901830877327,57.51115515900105,156533.66630648822,4
24602.75942249629,30.080067848369215,156741.22208228323,4
24614.723515017864,40.0,156811.62242152507,4
24620.68057137014,40.0,156931.62242152507,4
24621.168125024444,60.0,157051.62242152507,4
24629.194589277526,60.0,157271.62242152507,4
24638.713366200056,60.0,157491.62242152507,4
24656.48623942888,43.20007567450015,157711.62242152507,4
24698.01590092259,20.0,157847.62279989757,4
24751.346201894015,20.0,157867.62279989757,4
24815.29667856925,20.0,157887.62279989757,4
24894.584475267744,16.41111825786235,157907.62279989757,4
24980.122464437405,20.0,157909.67839118687,4
25032.320496806307,20.0,157929.67839118687,4
25106.160177467424,40.0,157949.67839118687,4
25157.463966943815,28.415766649961146,158069.67839118687,4
25190.966018862036,20.0,158131.75722443667,4
25248.03792018775,20.0,158151.75722443667,4
25279.95679828305,40.0,158171.75722443667,4
25272.76849927199,40.0,158291.75722443667,4
25249.873885062785,40.0,158411.75722443667,4
25234.703635255148,40.0,158531.75722443667,4
25212.640470450297,40.0,158651.75722443667,4
25216.18832628407,40.0,158771.75722443667,4
25240.985672337323,16.75456456232702,158891.75722443667,4
25262.405467526758,40.0,158895.53004724832,4
25264.544021508955,34.6913203200742,159015.53004724832,4
25277.64925890579,39.50956376859156,159108.9866488487,4
25270.731753179938,40.0,159226.53446769164,4
25252.73749985801,27.578888930918588,159346.53446769164,4
25284.015654160503,40.0,159404.42891234622,4
25312.089255762607,40.0,159524.42891234622,4
25337.397108507215,40.0,159644.42891234622,4
25368.66814721601,40.0,159764.42891234622,4
25402.677630975213,29.331251436544743,159884.42891234622,4
25434.535550432804,40.0,159951.08516952896,4
25432.943348181314,35.86776210057215,160071.08516952896,4
25440.511330315738,38.65859631286072,160170.42398003183,4
25408.0469018343,20.0,160283.71696159613,4
25382.17479046934,0.0,160303.71696159613,4
25364.90092003323,19.92648921433357,160223.71696159613,4
25338.547300255304,20.0,160243.3494076678,4
25333.079556338856,20.0,160263.3494076678,4
25333.48040472461,20.0,160283.3494076678,4
25331.01627676357,20.0,160303.3494076678,4
25281.633361289307,23.86737921271091,160323.3494076678,4
25211.83648894107,26.542325059701763,160362.68630373135,4
25154.52689886366,30.273935476529424,160415.39792902986,4
25113.046286871882,40.0,160486.7676064125,4
25084.52672046223,40.0,160606.7676064125,4
25044.94275260375,40.0,160726.7676064125,4
25000.19192945364,40.0,160846.7676064125,4
24956.569595479945,80.0,160966.7676064125,4
24899.5894155012,61.91091767017197,161286.7676064125,4
24859.235995879542,80.0,161516.32219476334,4
24814.211576892318,44.90472488612141,161836.32219476334,4
24825.863808935686,42.48591296396443,161980.84581919396,4
24852.77845623986,80.0,162113.27538401377,4
24819.508485815553,66.31271358706456,162433.27538401377,4
24783.092644865024,80.0,162684.8389519491,4
24738.133363676614,80.0,163004.8389519491,4
24712.123820484998,52.86823913163793,163324.8389519491,4
24717.58789356284,79.61719106793119,163509.1801476073,4
24692.855933628398,68.79045636049119,163827.26610294695,4
24665.131588555585,50.7018964190702,164091.2183847494,4
24688.462525742892,55.5725427022206,164264.72786684474,4
24699.714657974753,80.0,164462.59058035584,4
24698.068369437293,70.01923501407515,164782.59058035584,4
24730.6439462367,21.770059558806302,165052.68675542623,4
24813.0188575559,28.523500012070855,165081.53705322027,4
24858.813639645687,40.0,165144.15455328062,4
24875.354124901292,60.0,165264.15455328062,4
24896.328440936213,32.503633194088515,165484.15455328062,4
24948.022059392515,18.315238802082476,165566.67271925107,4
24997.69319807945,0.0,165578.2489132615,4
25033.268819913523,0.0,165498.2489132615,4
25045.358587152452,0.0,165418.2489132615,4
25081.513350551635,0.0,165338.2489132615,4
25111.710826276823,0.0,165258.2489132615,4
25142.518917403468,20.0,165178.2489132615,4
25132.553134075246,60.0,165198.2489132615,4
25101.484741206852,75.3956080808123,165418.2489132615,4
25069.869230083703,40.0,165715.22695366555,4
25073.697082286788,40.0,165835.22695366555,4
25100.956930966804,40.0,165955.22695366555,4
25145.67857124582,60.0,166075.22695366555,4
25156.594183155044,56.68103072236303,166295.22695366555,4
25166.809701878552,60.0,166498.63210727737,4
25173.165912714885,60.0,166718.63210727737,4
25135.602686212264,56.50308644145724,166938.63210727737,4
25096.12454664179,40.0,167141.14753948466,4
25080.748046611134,28.0712364377696,167261.14753948466,4
25082.188345487626,20.062663909868558,167321.5037216735,4
25091.40335577423,40.0,167341.81704122285,4
25076.040434039187,40.0,167461.81704122285,4
25073.76604759469,40.0,167581.81704122285,4
25099.402596117405,40.0,167701.81704122285,4
25111.49319633667,40.0,167821.81704122285,4
25109.23779341427,40.0,167941.81704122285,4
25109.741102649965,35.73158993709039,168061.81704122285,4
25142.419892416536,20.0,168160.4749909083,4
25188.581613843035,20.0,168180.4749909083,4
25214.941750300917,9.501308948518929,168200.4749909083,4
25246.566242094545,36.844731844824466,168167.98153565088,4
25249.00414370411,40.0,168272.205194875,4
25263.35157510123,36.25010254008481,168392.205194875,4
25269.424950109693,20.0,168493.4557075754,4
25274.064040351223,40.0,168513.4557075754,4
25243.86297153001,40.0,168633.4557075754,4
25207.851468799545,29.267321348566064,168753.4557075754,4
25221.734539129757,40.0,168819.79231431824,4
25241.95985589969,80.0,168939.79231431824,4
25179.960638125,80.0,169259.79231431824,4
25089.26364659839,80.0,169579.79231431824,4
25024.266208568497,55.12478784129057,169899.79231431824,4
24940.791004162395,60.0,170095.4162535247,4
24847.199268427248,60.0,170315.4162535247,4
24765.344024214635,60.0,170535.4162535247,4
24648.663289999124,42.53613600791422,170755.4162535247,4
24552.80375904425,40.0,170888.09693356426,4
24506.076183533078,20.233909294212122,171008.09693356426,4
24495.953711037466,24.927303226916003,171029.26648003532,4
24501.710902651437,40.0,171073.9029961699,4
24504.142287199233,40.0,171193.9029961699,4
24519.53226172971,40.0,171313.9029961699,4
24539.10833986031,40.0,171433.9029961699,4
24556.22627548647,40.0,171553.9029961699,4
24581.645596183564,60.0,171673.9029961699,4
24595.38391275435,57.88751920816152,171893.9029961699,4
24611.924937987253,40.0,172103.3405922107,4
24639.830995401,21.310033915333683,172223.3405922107,4
24694.260002939183,41.73019429055354,172249.89076178736,4
24729.51301492688,20.0,172378.54173324013,4
24754.018515527274,40.0,172398.54173324013,4
24754.922414541248,36.42780992158569,172518.54173324013,4
24765.23233517723,40.0,172620.68078284807,4
24750.117046050553,42.35252899720328,172740.68078284807,4
24720.0933884305,60.0,172872.44342783408,4
24669.001202065567,60.0,173092.44342783408,4
24658.555639017864,60.0,173312.44342783408,4
24628.847384524895,23.833628869112896,173532.44342783408,4
24695.457704070854,60.0,173571.61157217965,4
24735.33438170876,60.0,173791.61157217965,4
24773.00920126557,60.0,174011.61157217965,4
24820.741468518554,56.04424972706158,174231.61157217965,4
24851.605496338783,24.248866927900586,174431.83282081495,4
24905.972466469495,40.0,174473.07715545446,4
24956.860895144822,40.0,174593.07715545446,4
24984.92772321729,40.0,174713.07715545446,4
25031.2559725903,40.0,174833.07715545446,4
25077.717329542986,40.0,174953.07715545446,4
25144.58323436823,40.0,175073.07715545446,4
25222.36086021974,60.0,175193.07715545446,4
25299.643721078537,40.03055643079653,175413.07715545446,4
25344.164272918184,31.54623463379489,175533.22993760844,4
25390.11274905802,40.0,175610.96111077743,4
25435.048373611728,60.0,175730.96111077743,4
25435.476189631707,60.0,175950.96111077743,4
25408.984180525826,60.0,176170.96111077743,4
25397.322970336936,50.23576653677984,176390.96111077743,4
25366.664691429512,48.040462721793105,176562.1399434613,4
25338.69062510505,40.0,176722.34225707027,4
25319.22433636128,36.52841268745826,176842.34225707027,4
25309.817771001115,40.0,176944.98432050756,4
25307.397403844167,40.0,177064.98432050756,4
25235.45179508086,40.0,177184.98432050756,4
25185.284457875863,40.0,177304.98432050756,4
25140.15400562583,40.0,177424.98432050756,4
25091.7098724555,60.0,177544.98432050756,4
25019.770006618113,60.0,177764.98432050756,4
24955.160809351695,80.0,177984.98432050756,4
24893.59328746821,70.71065537727077,178304.98432050756,4
24842.048836136524,47.1876966165448,178578.5375973939,4
24840.656052674025,51.98895330694369,178734.47608047663,4
24825.62033130696,40.0,178914.42084701135,4
24822.39629962894,40.0,179034.42084701135,4
24796.462566143236,40.0,179154.42084701135,4
24763.09311197758,44.1695284076336,179274.42084701135,4
24746.649524041233,41.678276473107616,179415.26848904951,4
24737.21882948024,60.0,179543.65987141506,4
24744.34445689192,41.794266390599034,179763.65987141506,4
24795.00209831544,60.0,179892.63120336804,4
24792.182580899655,72.34898164509629,180112.63120336804,4
24741.24210331541,60.0,180394.37611159353,4
24740.8814021624,60.0,180614.37611159353,4
24751.84992620169,60.0,180834.37611159353,4
24747.281459383823,55.4133455100024,181054.37611159353,4
24749.18210367141,47.0934969320995,181251.44283914354,4
24778.468049736268,24.61346822052134,181406.91032380404,4
24822.137063890455,48.65920431089994,181449.97766490665,4
24849.143590602296,45.144899953229725,181613.27368646115,4
24864.649609430933,60.0,181758.9981862273,4
24858.550960412496,60.0,181978.9981862273,4
24821.84581107917,54.87275044251831,182198.9981862273,4
24806.62108625613,55.26339214804789,182393.3619384399,4
24793.64032869574,80.0,182589.67889918014,4
24722.70827372948,80.0,182909.67889918014,4
24673.198568484546,80.0,183229.67889918014,4
24656.327639533825,80.0,183549.67889918014,4
24653.020175682672,52.954305837169485,183869.67889918014,4
24670.742315702053,60.0,184054.450428366,4
24683.954984258726,60.0,184274.450428366,4
24689.038314507532,60.0,184494.450428366,4
24665.245204027808,53.17159972529767,184714.450428366,4
24636.479697732164,60.0,184900.30842699247,4
24583.62589797865,51.147333758423464,185120.30842699247,4
24540.335010578292,40.0,185296.0450957846,4
24496.40478343893,60.0,185416.0450957846,4
24445.673016876393,61.965947184669645,185636.0450957846,4
24374.03203269705,60.0,185865.87483170794,4
24330.90379148572,80.0,186085.87483170794,4
24277.23602035521,80.0,186405.87483170794,4
24231.905531264532,72.78674494798199,186725.87483170794,4
24206.478233983213,60.0,187009.80855644785,4
24165.396360942996,60.0,187229.80855644785,4
24149.25640431036,67.90225122110745,187449.80855644785,4
24093.138617728855,57.36527918224479,187709.31981255338,4
24068.719429532524,46.63395829485102,187916.1462084646,4
24065.325178872594,47.15834850887267,188069.31599993887,4
24048.534089609526,60.0,188225.10774248323,4
23997.498843702408,42.91498791186429,188445.10774248323,4
23945.264124507183,80.0,188579.68268204256,4
23865.16934151972,80.0,188899.68268204256,4
23784.79179472014,80.0,189219.68268204256,4
23729.367037244385,60.78997183294657,189539.68268204256,4
23687.907981904267,67.94814516063622,189763.6325412073,4
23681.740690503088,40.0,190023.3732670105,4
23717.46998749712,40.0,190143.3732670105,4
23731.212158174356,39.73162315133782,190263.3732670105,4
23742.98923980961,20.0,190382.0313827672,4
23778.322754773737,14.322666354770584,190402.0313827672,4
23837.007197836258,20.0,190393.64471454103,4
23892.386959672363,4.28026600673645,190413.64471454103,4
23976.73047881591,37.18303580379422,190355.04604457473,4
24036.148908579333,60.0,190460.9612235937,4
24063.070813952254,48.20088067117467,190680.9612235937,4
24038.67901765683,42.14039427920227,190841.9656269496,4
23974.31810801239,60.0,190972.6675983456,4
23864.902323237493,28.460919409915995,191192.6675983456,4
23814.893984099323,58.90107817386996,191254.97219539518,4
23765.47896527386,60.0,191469.47758626452,4
23715.96511515265,60.0,191689.47758626452,4
23674.638786130006,60.0,191909.47758626452,4
23657.02803481312,40.0,192129.47758626452,4
23659.283230172838,40.0,192249.47758626452,4
23659.284122339035,40.0,192369.47758626452,4
23649.497077487755,40.0,192489.47758626452,4
23616.83488318811,40.0,192609.47758626452,4
23603.827278477882,60.0,192729.47758626452,4
23567.53329182936,60.0,192949.47758626452,4
23562.656148226535,42.868206049935296,193169.47758626452,4
23584.02411373904,25.231369800572796,193303.81861651418,4
23616.14471754265,49.42975112265982,193349.97546551705,4
23609.176230131547,54.42356886139021,193517.12422113036,4
23618.666618718482,60.0,193709.2420654373,4
23591.25701262312,52.46361641258343,193929.2420654373,4
23583.55231608743,48.07236672405074,194111.56014750022,4
23579.05341278213,53.448096219968086,194271.92198112048,4
23512.832977001115,80.0,194459.16246222032,4
23472.71520903488,77.57798385253466,194779.16246222032,4
23436.503294874597,60.0,195087.052381483,4
23419.20013074948,60.0,195307.052381483,4
23400.68158955229,60.0,195527.052381483,4
23421.60982784035,35.46794867160321,195747.052381483,4
23455.008748494427,60.0,195844.39212484102,4
23478.55814896017,60.0,196064.39212484102,4
23475.861996583946,60.0,196284.39212484102,4
23486.24026462571,60.0,196504.39212484102,4
23504.071763175834,52.36442921010864,196724.39212484102,4
23487.236457351035,40.0,196906.21427089156,4
23470.44903588247,60.0,197026.21427089156,4
23445.654989216833,40.0,197246.21427089156,4
23456.886812519715,29.855607622267936,197366.21427089156,4
23456.261182656275,60.0,197435.4923090029,4
23447.302001968827,60.0,197655.4923090029,4
23410.804970660552,46.6196598850522,197875.4923090029,4
23394.963863409666,40.0,198028.59060842817,4
23433.73184479078,40.0,198148.59060842817,4
23496.692111549364,40.0,198268.59060842817,4
23571.012517265084,13.72480643551315,198388.59060842817,4
23653.69155942183,40.0,198377.21464060573,4
23716.905525719925,60.0,198497.21464060573,4
23755.591581100984,60.0,198717.21464060573,4
23792.271890286815,60.0,198937.21464060573,4
23833.702253638636,46.80736045859232,199157.21464060573,4
23885.01396119029,40.0,199311.2514428987,4
23943.41763811201,57.77623588767537,199431.2514428987,4
23953.103153462176,40.0,199640.13262233709,4
23968.332828225204,60.0,199760.13262233709,4
23920.929456322912,60.0,199980.13262233709,4
23864.46023995876,48.410531594409235,200200.13262233709,4
23819.864138470402,40.0,200362.18528030912,4
23791.31716095854,23.933432218930935,200482.18528030912,4
23813.700368779213,40.0,200521.85244140378,4
23843.408936404725,23.92371091342282,200641.85244140378,4
23880.413317467224,40.0,200681.47099597089,4
23915.51059454215,40.0,200801.47099597089,4
23959.13544200824,40.0,200921.47099597089,4
23976.93426348563,33.939029434064395,201041.47099597089,4
23985.371848382514,27.05897115762278,201131.16614314122,4
23991.94041090005,40.0,201186.46099892934,4
23963.790775367986,40.0,201306.46099892934,4
23945.614740116616,58.354875229799646,201426.46099892934,4
23939.41212420204,40.12034457246941,201638.23537507834,4
23933.517736119877,27.82439991075769,201758.83709794068,4
23922.541289866098,40.0,201817.95909749446,4
23884.70543343756,40.0,201937.95909749446,4
23862.144200911967,40.0,202057.95909749446,4
23835.297729646438,35.832987619301136,202177.95909749446,4
23815.927375556763,40.0,202277.12403559097,4
23792.488743331716,60.0,202397.12403559097,4
23718.027294864856,67.32663890767574,202617.12403559097,4
23658.50381762698,40.0,202873.75723012935,4
23646.959346784395,33.012505053063336,202993.75723012935,4
23656.18294185483,40.0,203078.81975539468,4
23657.560584185117,36.849347033911044,203198.81975539468,4
23685.77599181445,40.0,203303.06649056423,4
23674.478495795665,40.0,203423.06649056423,4
23665.825104513704,37.30498371116225,203543.06649056423,4
23643.28306319755,20.0,203649.59140912004,4
23610.263141820044,20.0,203669.59140912004,4
23560.51602123032,20.0,203689.59140912004,4
23497.78761298887,38.207387729991254,203709.59140912004,4
23423.329873581308,60.0,203820.62834777,4
23330.999190541963,60.0,204040.62834777,4
23234.241100863263,56.30216126246718,204260.62834777,4
23169.366451460315,60.0,204462.13915408234,4
23093.492790803128,43.64205665667817,204682.13915408234,4
23032.83469848387,40.0,204820.34943736572,4
22971.48356864405,51.42605782270824,204940.34943736572,4
22907.692957657222,52.404159699187424,205117.47972647924,4
22857.31670013705,49.818661091057535,205299.50052497518,4
22817.36980967597,60.0,205468.59383043047,4
22760.96506232494,58.7395663970704,205688.59383043047,4
22712.06156350983,12.007563649820836,205902.29166241584,4
22726.514132264947,27.06115871649125,205882.32948066495,4
22727.51002648782,48.74737058031694,205937.6352742474,4
22728.460867431077,40.0,206101.372127149,4
22760.451533591946,33.66830771797916,206221.372127149,4
22783.468455865426,20.0,206309.71366573888,4
22806.17032293466,20.0,206329.71366573888,4
22848.724027181743,20.0,206349.71366573888,4
22901.956467744323,7.210481075613876,206369.71366573888,4
22955.29050468904,20.0,206325.76607111696,4
22981.17941016456,20.0,206345.76607111696,4
23013.939291037215,20.0,206365.76607111696,4
23068.061979871807,12.054664081188836,206385.76607111696,4
23134.971177726347,26.317687128120383,206366.0393915229,4
23201.390712408454,20.0,206417.6278271635,4
23275.772604000544,20.0,206437.6278271635,4
23350.677372009024,20.0,206457.6278271635,4
23383.04009181851,20.0,206477.6278271635,4
23424.947915965597,20.0,206497.6278271635,4
23466.264982003682,20.0,206517.6278271635,4
23491.17309038412,16.111188233299465,206537.6278271635,4
23482.67304534087,20.0,206538.18376833,4
23480.57326673238,16.013071432667267,206558.18376833,4
23507.256117671703,20.0,206558.24912549334,4
23521.060584227114,20.0,206578.24912549334,4
23552.973664629913,40.0,206598.24912549334,4
23578.207329231253,24.35385632225008,206718.24912549334,4
23624.58204620261,40.0,206760.0184071046,4
23666.676507838645,40.0,206880.0184071046,4
23697.267545601117,40.0,207000.0184071046,4
23717.10048398085,40.0,207120.0184071046,4
23736.894843078753,40.0,207240.0184071046,4
23729.66436639681,38.52653508366144,207360.0184071046,4
23634.53230083952,36.48733676525545,207472.6510825229,4
23551.077561733113,51.887830270902164,207575.08776634917,4
23443.786387397126,60.0,207754.52691770368,4
23357.448689100074,45.18229499133327,207974.52691770368,4
23282.213808909422,40.22583812519051,208120.43839266035,4
23251.133910354707,40.0,208241.5675832863,4
23217.276465577394,24.650836892361294,208361.5675832863,4
23203.201082042375,40.0,208404.8217677481,4
23204.266039276998,40.0,208524.8217677481,4
23194.60210114675,24.053947701907475,208644.8217677481,4
23211.03880551292,20.0,208685.09150625762,4
23230.316893974534,20.0,208705.09150625762,4
23279.6660729352,40.0,208725.09150625762,4
23298.23891968994,40.0,208845.09150625762,4
23295.012946411614,32.84824818379043,208965.09150625762,4
23316.774425400534,40.0,209049.33274717658,4
23345.28495070076,40.0,209169.33274717658,4
23389.91464265043,20.199796851939873,209289.33274717658,4
23461.23501880908,26.645643271607433,209310.33173143628,4
23504.996055908923,25.377726450366527,209363.5599477943,4
23550.251214308053,40.0,209410.44858004613,4
23583.869529786,32.4131891629354,209530.44858004613,4
23609.307082795367,40.0,209612.5145258608,4
23618.75648961827,40.0,209732.5145258608,4
23628.75480955425,40.0,209852.5145258608,4
23621.796678898772,57.40410294750187,209972.5145258608,4
23566.548907033655,60.0,210179.53504059833,4
23465.33782841412,60.0,210399.53504059833,4
23380.970720563462,60.0,210619.53504059833,4
23298.366600203943,59.407891794150395,210839.53504059833,4
23225.65652547296,36.04073188684562,211056.57449956908,4
23182.889749159924,40.0,211156.7781590033,4
23160.280710263,20.963641680669696,211276.7781590033,4
23192.31186567016,60.0,211301.59636740666,4
23166.723944489757,53.80618384505058,211521.59636740666,4
23135.325357741855,60.0,211710.6272866319,4
23076.923255792633,60.0,211930.6272866319,4
23028.18216161913,69.7556760835135,212150.6272866319,4
22966.308263868836,59.25540645477311,212419.40566704946,4
22938.83054072767,20.41275828547709,212635.68269932334,4
22974.44448325413,40.0,212657.74649075072,4
22989.295298597342,40.0,212777.74649075072,4
22998.212270979726,40.0,212897.74649075072,4
23022.413341815016,40.0,213017.74649075072,4
23067.27743102802,40.0,213137.74649075072,4
23098.299616848024,60.0,213257.74649075072,4
23094.787454486857,56.96729526018561,213477.74649075072,4
23094.556418419594,13.801215102975057,213682.58296705165,4
23128.931779260347,49.92812314880986,213671.58904256654,4
23143.891724141347,60.0,213841.2296583106,4
23125.997720506362,30.929740267015525,214061.2296583106,4
23159.486977473287,41.86781942307576,214135.87835964566,4
23198.29179367354,48.87716600427323,214265.21745676105,4
23203.433659413593,56.807726514308285,214429.60328678243,4
23194.77675062826,40.19846509776875,214633.64191935398,4
23227.982913152962,47.6067745658965,214754.63424484283,4
23276.561891392656,47.81332155313265,214912.66811767232,4
23328.293904366048,80.0,215071.73472543797,4
23342.397520818424,69.57491945936974,215391.73472543797,4
23376.20773913767,40.0,215659.60932273482,4
23417.18932403254,40.0,215779.60932273482,4
23451.563200023145,25.501649257549225,215899.60932273482,4
23489.74993264197,20.0,215947.11756902255,4
23565.758996409466,20.0,215967.11756902255,4
23646.91308316732,7.4145726459065475,215987.11756902255,4
23722.38270852493,40.0,215944.19043225207,4
23725.214022554097,40.0,216064.19043225207,4
23698.8054129253,58.99629689726498,216184.19043225207,4
23657.409477057845,60.0,216399.17191673839,4
23621.697961114707,60.0,216619.17191673839,4
23631.07148882208,54.45810990057798,216839.17191673839,4
23633.688552026375,43.73167198055768,217031.46246624127,4
23675.7944141295,50.367014432168276,217170.12082614406,4
23715.635140384635,77.07388014937271,217341.9558983049,4
23705.333493841546,26.149008798504255,217647.32529905176,4
23749.63417759833,20.0,217698.0703430443,4
23781.45741235209,20.0,217718.0703430443,4
23817.664342463657,20.0,217738.0703430443,4
23856.984696963635,0.0,217758.0703430443,4
23923.84577827286,0.0,217678.0703430443,4
23988.936759066175,0.0,217598.0703430443,4
24046.066499309043,0.0,217518.0703430443,4
24053.419305086154,0.0,217438.0703430443,4
24082.964570505996,0.0,217358.0703430443,4
24122.911759222676,0.0,217278.0703430443,4
24127.05114208847,40.0,217198.0703430443,4
24107.86121192211,36.902051898459284,217318.0703430443,4
24089.534129367632,20.0,217422.5806025366,4
24073.900105130997,20.0,217442.5806025366,4
24073.65775908061,20.0,217462.5806025366,4
24062.053961655525,20.0,217482.5806025366,4
24055.312076299437,0.0,217502.5806025366,4
24097.82711685951,0.0,217422.5806025366,4
24158.405483723593,0.0,217342.5806025366,4
24184.31218876437,0.11779573423333976,217262.5806025366,4
24196.402319935132,20.0,217183.16958120777,4
24180.75001118841,20.0,217203.16958120777,4
24189.729472856845,48.680007666996204,217223.16958120777,4
24174.29352310311,60.0,217386.56961954274,4
24122.742957303373,60.0,217606.56961954274,4
24067.20214211147,56.67066051045861,217826.56961954274,4
23973.447388766275,40.0,218029.92292209505,4
23884.79748740146,40.0,218149.92292209505,4
23825.839571465513,40.0,218269.92292209505,4
23799.31381444866,40.0,218389.92292209505,4
23781.67559163655,40.0,218509.92292209505,4
23736.889309688057,19.712914699434556,218629.92292209505,4
23693.243660258966,40.0,218648.4874955922,4
23638.833396051406,40.0,218768.4874955922,4
23590.78672629429,45.869070776392064,218888.4874955922,4
23546.145306359347,60.0,219037.8328494742,4
23496.38717906264,60.0,219257.8328494742,4
23460.408157830952,60.0,219477.8328494742,4
23403.467225867334,60.0,219697.8328494742,4
23349.067860256968,45.21388865697897,219917.8328494742,4
23343.64244099532,40.0,220063.90229275907,4
23332.398598704407,40.0,220183.90229275907,4
23308.620507767566,46.65418059106329,220303.90229275907,4
23284.603108200226,60.0,220457.1731957144,4
23233.705817313723,60.0,220677.1731957144,4
23191.70429701997,40.0,220897.1731957144,4
23168.91965063336,20.0,221017.1731957144,4
23169.317400843564,37.51816910266822,221037.1731957144,4
23140.690837111946,20.0,221144.76404122773,4
23165.309296380427,40.0,221164.76404122773,4
23197.516269637257,26.6469816336635,221284.76404122773,4
23256.39334661951,40.0,221337.99894939605,4
23298.503667277146,52.961094066308455,221457.99894939605,4
23338.520546489814,60.0,221642.8044197276,4
23369.393136975348,51.22132287336945,221862.8044197276,4
23409.182744430058,40.0,222038.91103409443,4
23427.373743529442,60.0,222158.91103409443,4
23423.581266322693,60.0,222378.91103409443,4
23432.343865836207,57.53036655953561,222598.91103409443,4
23420.764441719028,28.762013691735845,222806.5628668921,4
23386.848372465472,40.0,222870.37293535078,4
23354.950476054004,40.0,222990.37293535078,4
23321.446144979585,23.965302165938713,223110.37293535078,4
23318.22856245782,10.5052595731569,223150.1994461805,4
23319.855079107216,11.79329698879894,223122.72574404627,4
23342.763438423997,20.0,223101.69222899026,4
23361.95689389489,20.0,223121.69222899026,4
23375.385847921458,20.0,223141.69222899026,4
23392.472287571534,20.0,223161.69222899026,4
23409.135292177813,40.0,223181.69222899026,4
23381.17514659877,38.29201368035576,223301.69222899026,4
23387.59254955917,20.0,223413.15229739205,4
23408.730878793744,20.0,223433.15229739205,4
23431.75080075383,1.6707619317706468,223453.15229739205,4
23476.392314691413,20.0,223381.5061070509,4
23443.55721653046,6.414110717723295,223401.5061070509,4
23443.401247781378,20.0,223353.57666063952,4
23422.663652060583,25.074433920761944,223373.57666063952,4
23424.08282748902,60.0,223418.94883024332,4
23371.430500935257,60.0,223638.94883024332,4
23339.980123391517,51.6753675753843,223858.94883024332,4
23338.356468334106,40.0,224037.32566812023,4
23357.236369345323,40.0,224157.32566812023,4
23379.581771637153,40.0,224277.32566812023,4
23396.91309310743,5.9577897227036845,224397.32566812023,4
23434.091762646563,20.0,224347.11461673374,4
23467.817748993744,20.0,224367.11461673374,4
23501.548859467144,20.0,224387.11461673374,4
23505.255788431357,20.0,224407.11461673374,4
23546.767353422507,17.561020383360685,224427.11461673374,4
23627.638899971935,20.0,224434.91971865055,4
23720.959765023534,20.0,224454.91971865055,4
23811.63037958094,20.0,224474.91971865055,4
23905.486399062484,20.0,224494.91971865055,4
23979.673109655156,20.0,224514.91971865055,4
24032.627436282764,20.0,224534.91971865055,4
24057.606739745705,20.0,224554.91971865055,4
24075.849103124245,40.0,224574.91971865055,4
24030.95254224359,40.0,224694.91971865055,4
23974.53312247955,46.62811807324157,224814.91971865055,4
23918.264775403313,40.0,224968.06030901676,4
23882.73429433342,40.0,225088.06030901676,4
23875.99410704664,20.790905028626273,225208.06030901676,4
23864.18311833601,20.0,225232.0148341599,4
23872.25313979397,20.0,225252.0148341599,4
23880.524525604622,20.0,225272.0148341599,4
23884.65724839266,5.685979368567138,225292.0148341599,4
23927.45465521987,36.844593712811374,225240.44473100273,4
23936.304875604925,20.56576157403645,225344.66769956678,4
23980.535094708302,60.0,225367.49650743697,4
23981.12945084488,60.0,225587.49650743697,4
23965.18288013418,60.0,225807.49650743697,4
23942.193755523786,60.0,226027.49650743697,4
23893.16966132794,60.0,226247.49650743697,4
23878.460767092205,37.927977211315735,226467.49650743697,4
23872.851856249614,40.0,226577.13639349354,4
23858.523268526,74.19444957227716,226697.13639349354,4
23792.413712905443,80.0,226988.10864135492,4
23746.81727652674,80.0,227308.10864135492,4
23725.16046969364,80.0,227628.10864135492,4
23711.15905777974,36.457909923266506,227948.10864135492,4
23736.019466727845,54.00043689488518,228050.39819097126,4
23769.586141647625,60.0,228240.4003754457,4
23814.11711851462,54.12791154117308,228460.4003754457,4
23861.047701906788,40.0,228651.03993315157,4
23895.995740099366,40.0,228771.03993315157,4
23884.215965903284,40.0,228891.03993315157,4
23881.075511935866,32.26148181950224,229011.03993315157,4
23883.2124924696,40.0,229092.34734224906,4
23848.23357683656,60.0,229212.34734224906,4
23802.644967071545,39.82213833937104,229432.34734224906,4
23791.053258327556,60.0,229551.4580339459,4
23766.213366590106,60.0,229771.4580339459,4
23773.589538067314,60.0,229991.4580339459,4
23779.91997883115,68.82159953244062,230211.4580339459,4
23746.23024339743,80.0,230475.56603160812,4
23676.734081894483,79.3945164977516,230795.56603160812,4
23630.942342274735,60.0,231112.53861409688,4
23594.69438587645,43.93736210058836,231332.53861409688,4
23574.21548154191,40.0,231472.2254245998,4
23566.28887933441,24.35121169987508,231592.2254245998,4
23509.818515297484,20.0,231633.98148309917,4
23464.765860089552,60.0,231653.98148309917,4
23411.95484851593,60.0,231873.98148309917,4
23376.39604873192,80.0,232093.98148309917,4
23335.834717159123,80.0,232413.98148309917,4
23320.081387421484,78.0591922764105,232733.98148309917,4
23298.5171618787,80.0,233044.2774444812,4
23273.913571134315,50.713340840747854,233364.2774444812,4
23305.38702205943,51.68313716340812,233537.84414868496,4
23339.17831621592,40.0,233716.259834502,4
23360.956352804522,55.333094184973255,233836.259834502,4
23329.873232464233,80.0,234032.92530542688,4
23298.860229982376,80.0,234352.92530542688,4
23277.492168974208,73.90314060801015,234672.92530542688,4
23256.157455115565,80.0,234962.44100846694,4
23247.2563414381,80.0,235282.44100846694,4
23193.214423981564,62.366036407145955,235602.44100846694,4
23134.542730384674,80.0,235834.27119050265,4
23057.47628619462,80.0,236154.27119050265,4
22980.276646097962,46.63931557895948,236474.27119050265,4
22941.118977231457,56.29249563196821,236627.46776839744,4
22934.736193385066,29.273663646833604,236828.93024655728,4
22945.409109041797,40.0,236895.29856479145,4
22931.74338952019,40.97621727936776,237015.29856479145,4
22929.50331971373,60.0,237140.1796511883,4
22915.38237733102,48.767840413710275,237360.1796511883,4
22884.380355728772,63.72625373994755,237524.01885325683,4
22865.706918042008,80.0,237762.65012195657,4
22829.82169542155,60.502496260416024,238082.65012195657,4
22848.0886574776,60.0,238305.16260325865,4
22841.314467448934,60.0,238525.16260325865,4
22845.669215325655,58.065463815723426,238745.16260325865,4
22873.582895609165,51.25644035578401,238955.48992233726,4
22896.640454514265,60.0,239131.7721241162,4
22901.07879446787,80.0,239351.7721241162,4
22890.338992089288,57.977063634453096,239671.7721241162,4
22899.70852597038,44.44612757958659,239881.65744228844,4
22904.01600360833,60.0,240023.88808018639,4
22891.85782428237,60.0,240243.88808018639,4
22863.821796360196,80.0,240463.88808018639,4
22798.03573996641,61.43674205261678,240783.88808018639,4
22763.384016640208,80.0,241011.07179044947,4
22726.99223451845,80.0,241331.07179044947,4
22694.410565928745,41.981511296979235,241651.07179044947,4
22722.007259246795,57.60944910191911,241780.97934693436,4
22703.598098132887,40.0,241989.02659244396,4
22693.263463961557,28.425956373985308,242109.02659244396,4
22697.917421420843,30.1402609907395,242171.1563743139,4
22719.945557898274,24.588838476798827,242241.8576792676,4
22754.599699048533,40.0,242284.80187165158,4
22777.975125209236,60.0,242404.80187165158,4
22764.414396089367,47.19714227634587,242624.80187165158,4
22775.5039067038,48.25345237730436,242780.78758303332,4
22795.97658978835,38.38861950861583,242942.05484491985,4
22825.407210531775,40.0,243053.99794246294,4
22856.076099680722,40.0,243173.99794246294,4
22912.22051421154,25.208401088461592,243293.99794246294,4
23004.762846841095,40.0,243340.03994790526,4
23077.457124584813,22.388159527120145,243460.03994790526,4
23176.621910104564,60.0,243491.98074554084,4
23233.79773741657,60.0,243711.98074554084,4
23286.10791232375,44.78094688677656,243931.98074554084,4
23338.185032947873,40.0,244075.88547997474,4
23383.350015026343,0.08542314195247686,244195.88547997474,4
23442.073219594582,0.0,244116.3125956845,4
23516.82296332139,28.486524013556338,244036.3125956845,4
23573.81023129727,20.0,244098.74521575228,4
23615.314213829395,40.0,244118.74521575228,4
23641.81432364986,60.0,244238.74521575228,4
23652.99976187772,58.947350484029684,244458.74521575228,4
23668.071571184395,40.0,244673.48196817242,4
23706.424355640393,20.0,244793.48196817242,4
23755.241808286424,23.392721979327852,244813.48196817242,4
23816.912482610835,40.0,244850.44557806905,4
23860.17168727029,40.0,244970.44557806905,4
23872.364650598833,20.0,245090.44557806905,4
23901.12672286255,20.0,245110.44557806905,4
23926.10151818497,20.0,245130.44557806905,4
23959.243049670185,20.0,245150.44557806905,4
23954.420759783985,20.0,245170.44557806905,4
23978.913297292223,20.0,245190.44557806905,4
24000.345993907606,6.204149000230406,245210.44557806905,4
24059.416335655744,20.0,245161.4663230702,4
24085.05068240949,20.0,245181.4663230702,4
24085.879152823287,20.0,245201.4663230702,4
24052.452865634015,20.0,245221.4663230702,4
24031.165638070244,27.81849220419325,245241.4663230702,4
24030.08823065151,31.0120383587933,245300.55878409118,4
24016.356483409774,20.0,245375.61897588515,4
24029.172259488096,20.0,245395.61897588515,4
24040.35129683149,17.423799858557857,245415.61897588515,4
24059.77570135397,0.0,245422.73797517794,4
24110.743892590952,0.0,245342.73797517794,4
24162.509766065756,40.0,245262.73797517794,4
24186.11078900957,40.0,245382.73797517794,4
24236.195242256923,60.0,245502.73797517794,4
24249.688189839002,60.0,245722.73797517794,4
24228.425055675005,53.75794960022418,245942.73797517794,4
24178.36805155104,53.28078980280898,246131.52772317905,4
24126.361395492713,39.93874997791282,246317.9316721931,4
24111.75767097279,60.0,246437.62542208267,4
24061.383905894363,60.0,246657.62542208267,4
24017.783167129568,60.0,246877.62542208267,4
23988.541788545448,58.24893114621436,247097.62542208267,4
23963.696713297562,37.166539361500114,247308.87007781374,4
23976.50385054642,80.0,247414.70277462126,4
23983.637210023404,76.27511738845146,247734.70277462126,4
24004.958452122046,80.0,248036.0783615635,4
24030.649068435352,60.0,248356.0783615635,4
24078.06698144596,25.099033181428517,248576.0783615635,4
24159.76514911494,40.0,248621.57352747064,4
24242.99965023537,39.366980533559925,248741.57352747064,4
24316.932456981474,40.0,248858.40843013843,4
24371.83905601861,34.62546657773373,248978.40843013843,4
24445.492258885417,54.99886138606118,249071.5357630271,4
24513.55586344359,53.22798345500851,249266.5300699574,4
24592.237019030534,60.0,249452.66998723245,4
24669.512337638575,58.75435366489735,249672.66998723245,4
24732.713771192244,59.72009717837862,249886.44175555694,4
24747.88822955895,60.0,250105.04224144883,4
24774.783709573578,60.0,250325.04224144883,4
24793.197581023767,52.0507680121863,250545.04224144883,4
24823.38708366938,40.0,250725.29608150976,4
24865.76308162326,12.304843248861815,250845.29608150976,4
24923.715247115877,40.0,250826.82029775408,4
24924.413705939773,60.0,250946.82029775408,4
24891.15918037935,66.74154463382185,251166.82029775408,4
24872.002286605177,79.19576892327198,251420.5280209232,4
24855.903870579838,80.0,251736.50686553956,4
24809.71731763774,80.0,252056.50686553956,4
24724.422445827055,80.0,252376.50686553956,4
24646.224202493435,77.58620730133303,252696.50686553956,4
24553.838759394464,80.0,253004.43790204622,4
24494.93328869048,80.0,253324.43790204622,4
24431.52798619928,72.16307009891693,253644.43790204622,4
24334.08310653212,57.08420188836686,253925.2532525408,4
24293.088048009482,60.0,254130.67426198264,4
24249.700613822824,60.0,254350.67426198264,4
24204.07229320794,54.02407797516562,254570.67426198264,4
24164.526795796537,53.7421003686441,254760.79465185848,4
24137.16588072443,44.335945718053495,254949.5051537017,4
24064.64089685335,60.0,255091.18488229197,4
23950.609168147483,66.20070412899334,255311.18488229197,4
23855.542933410215,50.63963506124584,255562.18840293694,4
23805.34210694295,27.82710026208447,255735.38657824317,4
23820.376950498656,20.0,255794.5220795536,4
23848.993146463315,20.0,255814.5220795536,4
23875.285055071126,40.0,255834.5220795536,4
23854.145508975846,31.468313401959854,255954.5220795536,4
23846.313362150588,40.0,256031.8636465634,4
23842.270187585716,60.0,256151.8636465634,4
23783.718908827563,58.965146706974195,256371.8636465634,4
23749.103023165422,53.321525316283925,256586.68938009828,4
23736.36131331915,51.15782837065094,256773.2970066797,4
23739.752427885123,60.0,256949.08614853295,4
23769.898076023943,55.84753206352295,257169.08614853295,4
23793.748859967138,60.0,257368.32380885058,4
23812.09378173708,47.70974207265439,257588.32380885058,4
23846.3182247201,60.0,257746.87251921385,4
23875.415833625466,80.0,257966.87251921385,4
23876.05180322635,60.54164783540247,258286.87251921385,4
23897.710518100037,46.989203601636675,258509.58075839086,4
23901.09980243434,60.0,258664.52677639906,4
23848.30944179518,50.98886351762599,258884.52677639906,4
23811.611921261076,38.19493293357029,259059.47109398717,4
23790.631607782998,32.48175693382803,259170.44575865503,4
23772.726929673707,40.0,259252.85454332418,4
23732.700773848846,40.0,259372.85454332418,4
23697.69992903547,40.0,259492.85454332418,4
23672.10671087102,43.63195914164865,259612.85454332418,4
23623.99323350053,52.065854273903895,259751.01433903244,4
23583.528285707205,42.05979495297936,259931.34361040196,4
23540.064211069508,53.36306009242536,260061.64258516685,4
23522.770511531555,40.0,260248.45788562897,4
23538.948798255547,60.0,260368.45788562897,4
23548.89232746863,43.23046538539475,260588.45788562897,4
23553.13244550508,50.47452630455777,260724.61021255594,4
23560.060849537636,60.0,260896.98284407874,4
23539.778093211145,60.0,261116.98284407874,4
23537.612079175917,60.0,261336.98284407874,4
23546.47494675939,80.0,261556.98284407874,4
23547.325052718217,80.0,261876.98284407874,4
23532.46507792407,52.545159251436424,262196.98284407874,4
23574.761899308396,64.8019614975191,262379.70864033594,4
23602.340496862147,80.0,262623.71844782354,4
23625.546220265955,80.0,262943.71844782354,4
23635.62595850612,74.76726501668843,263263.71844782354,4
23643.748980541033,60.0,263557.554772907,4
23669.649603129354,48.09400916734303,263777.554772907,4
23690.20590352202,56.67333816927805,263938.0248187437,4
23703.197909806993,51.41664343175968,264141.3915095901,4
23739.49977797235,50.199578294735204,264318.4747267489,4
23786.72538043774,40.0,264489.4726182226,4
23860.763845129943,13.341135559340572,264609.4726182226,4
23971.042060558673,31.698457653972394,264596.17829601926,4
24077.73767892986,40.0,264674.6705842891,4
24180.343132481892,40.0,264794.6705842891,4
24274.778935099843,0.5524963637383626,264914.6705842891,4
24388.49267500052,40.0,264837.4330661078,4
24397.63185314965,40.0,264957.4330661078,4
24436.87261678883,40.0,265077.4330661078,4
24474.97582836471,40.0,265197.4330661078,4
24520.73050908966,40.0,265317.4330661078,4
24526.580873208895,40.0,265437.4330661078,4
24477.67956603547,34.86380713113289,265557.4330661078,4
24416.215299677773,10.792298656801961,265651.75210176344,4
24393.97759221466,20.0,265625.7135950475,4
24354.338031622083,20.0,265645.7135950475,4
24370.427199630296,20.0,265665.7135950475,4
24402.44794989199,20.0,265685.7135950475,4
24443.42289510761,20.0,265705.7135950475,4
24529.465265456813,20.0,265725.7135950475,4
24602.900717002714,40.0,265745.7135950475,4
24682.573999967313,40.0,265865.7135950475,4
24708.499033450167,40.0,265985.7135950475,4
24735.341905231297,60.0,266105.7135950475,4
24745.358506265813,60.0,266325.7135950475,4
24724.39275835286,10.113508378200624,266545.7135950475,4
24753.208240141958,35.74171142669722,266516.2811369385,4
24769.452551380557,40.0,266614.989694072,4
24748.830631850487,20.595164201132945,266734.989694072,4
24772.634125150867,25.959818718579392,266757.96551507764,4
24758.74171240843,0.0,266807.76460867055,4
24785.83972833369,20.0,266727.76460867055,4
24796.2159647132,10.496716330038888,266747.76460867055,4
24825.431002623798,40.0,266720.24819032074,4
24772.521780269966,40.0,266840.24819032074,4
24676.75225650926,80.0,266960.24819032074,4
24533.239597952266,80.0,267280.24819032074,4
24441.02683221702,58.883602643044526,267600.24819032074,4
24396.976127533817,40.0,267814.666203536,4
24384.3172279692,31.180536993815334,267934.666203536,4
24426.859909624283,20.0,268010.56888850505,4
24492.024218135528,20.0,268030.56888850505,4
24532.5231078738,6.800822754265742,268050.56888850505,4
24553.261668349405,20.0,268004.57300227636,4
24541.065765732925,20.0,268024.57300227636,4
24471.2446373667,20.0,268044.57300227636,4
24442.34300133195,36.577769455885004,268064.57300227636,4
24392.125419674947,20.0,268167.4618495558,4
24382.028779267697,20.0,268187.4618495558,4
24344.67943820847,20.0,268207.4618495558,4
24281.63013789148,20.0,268227.4618495558,4
24224.21137821941,40.0,268247.4618495558,4
24168.62816154919,32.848014311758405,268367.4618495558,4
24138.869910442125,20.0,268451.7019211146,4
24112.420622510217,20.0,268471.7019211146,4
24112.28766254089,20.0,268491.7019211146,4
24150.83110535364,20.0,268511.7019211146,4
24184.24632424978,20.0,268531.7019211146,4
24225.343208534756,31.119811622042768,268551.7019211146,4
24240.009981532286,40.0,268627.3009792248,4
24233.934461739267,40.0,268747.3009792248,4
24266.13013637284,22.67069406338436,268867.3009792248,4
24298.91154299138,40.0,268900.6544495417,4
24333.858717729276,33.967230243798824,269020.6544495417,4
24371.125443915862,40.0,269110.4906007607,4
24392.982310523348,40.0,269230.4906007607,4
24392.55157526033,33.27632309080655,269350.4906007607,4
24410.313446033422,50.845714667278074,269436.8722162147,4
24422.483850121407,49.433951994734514,269611.1007895511,4
24434.986312199304,60.0,269778.27054952475,4
24414.794781661512,57.72742088064476,269998.27054952475,4
24410.816773758233,60.0,270206.907653928,4
24405.823666144584,43.55979899584161,270426.907653928,4
24393.69790105305,33.22900674504892,270564.70664890716,4
24420.399901492598,35.163651750058506,270650.8516826324,4
24446.671780820867,40.0,270746.6699413827,4
24475.454165236875,40.0,270866.6699413827,4
24498.623045429045,40.0,270986.6699413827,4
24508.894077651523,13.78827574648533,271106.6699413827,4
24529.833769834728,11.733030375075108,271095.61132011516,4
24540.554460832525,40.0,271074.2764719905,4
24500.072456220867,40.0,271194.2764719905,4
24462.693704777776,28.93191086785434,271314.2764719905,4
24415.752333831533,28.89424871837395,271378.93602632976,4
24378.19328227358,29.606751984980452,271443.4072699216,4
24365.921015644988,40.0,271511.4410298465,4
24365.764805536193,60.0,271631.4410298465,4
24377.49259193745,40.62329576021767,271851.4410298465,4
24419.302601052634,60.0,271974.55750864756,4
24428.532784715793,60.0,272194.55750864756,4
24425.422074034297,53.154395396614184,272414.55750864756,4
24439.55689880133,63.836302344498904,272600.3294856306,4
24423.67224921545,74.58786991283982,272839.5109973531,4
24397.772855001618,63.84002541268802,273132.4503469173,4
24389.43575341326,60.0,273371.65047398076,4
24389.42957086474,44.831661186493854,273591.65047398076,4
24421.578660792682,60.0,273735.80877991323,4
24452.316435970584,55.473217043445786,273955.80877991323,4
24470.98293989973,60.0,274153.17486513045,4
24499.228104283917,80.0,274373.17486513045,4
24481.02833893342,65.3578197968821,274693.17486513045,4
24453.13289243783,79.61319844490868,274939.96396411484,4
24401.449548064167,71.50957645024523,275258.0299563394,4
24357.113507106267,80.0,275535.5778385906,4
24317.451126179458,80.0,275855.5778385906,4
24288.577064259913,75.4974904616628,276175.5778385906,4
24277.659372226968,64.10559264212334,276473.0652908989,4
24268.709358096432,63.803844250976596,276713.5932541095,4
24251.895707422846,76.48381632532909,276952.61247536435,4
24231.847524370452,45.07071672891495,277255.031556991,4
24250.629148051605,60.0,277400.38514063554,4
24251.28381775925,60.0,277620.38514063554,4
24208.883020449062,60.0,277840.38514063554,4
24174.293054578455,60.0,278060.38514063554,4
24137.039758241954,80.0,278280.38514063554,4
24066.538497525245,80.0,278600.38514063554,4
23986.76155237195,72.92492736385516,278920.38514063554,4
23941.587283968653,71.56739691581254,279205.00977745483,4
23931.44994499116,77.35014164796206,279482.8467620339,4
23913.013718782866,80.0,279789.5974702737,4
23895.460599055787,80.0,280109.5974702737,4
