nb_trawlers,fish_stock,capture,income,price,fleet_maintenance_cost,capital,net_profit
25,6094.778867873687,0.0,0.0,1.0,18.75,9.999998125E7,-18.75
25,5416.111262426454,68.56626226357898,68.56626226357898,1.0,18.75,1.0000003106626226E8,49.81626226357898
25,5163.885438016491,32.49666757455873,32.49666757455873,1.0,18.75,1.0000004481292984E8,13.746667574558728
25,5213.831721142904,0.0,0.0,1.0,18.75,1.0000002606292984E8,-18.75
25,5146.333233896196,7.820747581714356,7.820747581714356,1.0,18.75,1.0000001513367742E8,-10.929252418285644
25,5196.290407065509,0.0,0.0,1.0,18.75,9.999999638367742E7,-18.75
25,5100.786814167983,15.588871221196527,15.588871221196527,1.0,18.75,9.999999322254865E7,-3.161128778803473
25,5024.358621710259,15.302360442503948,15.302360442503948,1.0,18.75,9.99999897749091E7,-3.4476395574960517
25,4870.368747984295,11.304806898848085,11.304806898848085,1.0,18.75,9.9999982329716E7,-7.445193101151915
25,4806.303015357987,7.305553121976442,7.305553121976442,1.0,18.75,9.999997088526912E7,-11.444446878023559
25,4856.227978314268,0.0,0.0,1.0,18.75,9.999995213526912E7,-18.75
25,4764.655874608035,9.987313073911526,9.987313073911526,1.0,18.75,9.99999433725822E7,-8.762686926088474
25,4703.85277140949,10.72047571786808,10.72047571786808,1.0,18.75,9.999993534305792E7,-8.02952428213192
25,4616.272905813345,7.055779157114234,7.055779157114234,1.0,18.75,9.999992364883707E7,-11.694220842885766
25,4498.09532863768,6.924409358720017,6.924409358720017,1.0,18.75,9.999991182324643E7,-11.825590641279984
25,4472.686936466069,6.74714299295652,6.74714299295652,1.0,18.75,9.999989982038943E7,-12.002857007043481
25,4474.50380922978,3.3545152023495515,3.3545152023495515,1.0,18.75,9.999988442490464E7,-15.395484797650449
25,4450.032098123389,6.711755713844671,6.711755713844671,1.0,18.75,9.999987238666035E7,-12.03824428615533
25,4461.508834860328,6.675048147185083,6.675048147185083,1.0,18.75,9.99998603117085E7,-12.074951852814916
25,4442.455422952127,10.038394878435737,10.038394878435737,1.0,18.75,9.999985160010338E7,-8.711605121564263
25,4372.640350574063,13.32736626885638,13.32736626885638,1.0,18.75,9.999984617746964E7,-5.42263373114362
25,4351.057277582885,6.558960525861094,6.558960525861094,1.0,18.75,9.999983398643017E7,-12.191039474138906
25,4235.48437066245,9.789878874561492,9.789878874561492,1.0,18.75,9.999982502630904E7,-8.960121125438508
25,4222.2930844877665,6.3532265559936745,6.3532265559936745,1.0,18.75,9.99998126295356E7,-12.396773444006325
25,4063.8822784656463,15.833599066829123,15.833599066829123,1.0,18.75,9.999980971313466E7,-2.916400933170877
25,4091.9301014444254,3.047911708849235,3.047911708849235,1.0,18.75,9.999979401104636E7,-15.702088291150766
25,4051.972997194786,9.206842728249956,9.206842728249956,1.0,18.75,9.99997844678891E7,-9.543157271750044
25,3803.7934571196274,15.194898739480447,15.194898739480447,1.0,18.75,9.999978091278784E7,-3.555101260519553
25,3821.8237929258385,2.8528450928397207,2.8528450928397207,1.0,18.75,9.999976501563293E7,-15.89715490716028
25,3848.634961704821,2.8663678446943788,2.8663678446943788,1.0,18.75,9.999974913200077E7,-15.883632155305621
25,3868.973671800057,2.886476221278616,2.886476221278616,1.0,18.75,9.9999733268477E7,-15.863523778721383
25,3835.9116359796603,2.901730253850043,2.901730253850043,1.0,18.75,9.999971742020725E7,-15.848269746149956
25,3883.201432541165,0.0,0.0,1.0,18.75,9.999969867020725E7,-18.75
25,3881.8939141766377,2.912401074405874,2.912401074405874,1.0,18.75,9.999968283260833E7,-15.837598925594126
25,3847.4315212095294,5.822840871264956,5.822840871264956,1.0,18.75,9.99996699054492E7,-12.927159128735044
25,3798.486595464322,8.65672092272144,8.65672092272144,1.0,18.75,9.999965981217012E7,-10.09327907727856
25,3794.6102630438377,2.8488649465982414,2.8488649465982414,1.0,18.75,9.999964391103506E7,-15.90113505340176
25,3558.596493760619,14.229788486414389,14.229788486414389,1.0,18.75,9.999963939082354E7,-4.520211513585611
25,3423.107077584751,13.34473685160232,13.34473685160232,1.0,18.75,9.999963398556039E7,-5.40526314839768
25,3257.367452577584,12.836651540942817,12.836651540942817,1.0,18.75,9.999962807221192E7,-5.9133484590571825
25,3116.4396063466625,14.658153536599126,14.658153536599126,1.0,18.75,9.999962398036546E7,-4.0918464634008735
25,3101.2826419608054,4.674659409519994,4.674659409519994,1.0,18.75,9.999960990502487E7,-14.075340590480007
25,3040.4686209213755,6.977885944411813,6.977885944411813,1.0,18.75,9.999959813291082E7,-11.772114055588187
25,2917.701787658797,6.841054397073094,6.841054397073094,1.0,18.75,9.999958622396521E7,-11.908945602926906
25,2916.02987407539,2.1882763407440975,2.1882763407440975,1.0,18.75,9.999956966224155E7,-16.561723659255904
25,2846.8102510057706,6.5610672166696276,6.5610672166696276,1.0,18.75,9.999955747330877E7,-12.188932783330372
25,2828.9807135579777,4.270215376508656,4.270215376508656,1.0,18.75,9.999954299352415E7,-14.479784623491344
25,2683.126856626708,10.608677675842417,10.608677675842417,1.0,18.75,9.999953485220182E7,-8.141322324157583
25,2631.385678516811,6.0370354274100935,6.0370354274100935,1.0,18.75,9.999952213923724E7,-12.712964572589907
25,2531.1148746780277,7.894157035550433,7.894157035550433,1.0,18.75,9.999951128339428E7,-10.855842964449568
25,2383.197121178448,13.288353092059644,13.288353092059644,1.0,18.75,9.999950582174736E7,-5.461646907940356
25,2312.941821824378,5.362193522651508,5.362193522651508,1.0,18.75,9.999949243394089E7,-13.38780647734849
25,2129.9514915188947,10.408238198209702,10.408238198209702,1.0,18.75,9.999948409217909E7,-8.341761801790298
25,1999.9009310000663,6.389854474556684,6.389854474556684,1.0,18.75,9.999947173203357E7,-12.360145525443315
25,1890.031863095001,7.499628491250249,7.499628491250249,1.0,18.75,9.999946048166205E7,-11.250371508749751
25,1754.8274532346773,7.087619486606254,7.087619486606254,1.0,18.75,9.999944881928153E7,-11.662380513393746
25,1584.7326156910947,6.58060294963004,6.58060294963004,1.0,18.75,9.999943664988448E7,-12.169397050369959
25,1495.2336100039295,3.565648385304963,3.565648385304963,1.0,18.75,9.999942146553287E7,-15.184351614695037
25,1406.7547079425442,3.3642756225088415,3.3642756225088415,1.0,18.75,9.999940607980849E7,-15.385724377491158
25,1401.6910837523214,1.055066030956908,1.055066030956908,1.0,18.75,9.999938838487452E7,-17.694933969043092
25,1344.952003581792,3.153804938442723,3.153804938442723,1.0,18.75,9.999937278867947E7,-15.596195061557276
25,1318.5883746514567,1.0087140026863441,1.0087140026863441,1.0,18.75,9.999935504739347E7,-17.741285997313657
25,1314.3624273244227,1.9778825619771851,1.9778825619771851,1.0,18.75,9.999933827527604E7,-16.772117438022814
25,1278.1369742802324,1.9715436409866338,1.9715436409866338,1.0,18.75,9.999932149681967E7,-16.778456359013365
25,1272.3251133792382,0.9586027307101743,0.9586027307101743,1.0,18.75,9.99993037054224E7,-17.791397269289824
25,1229.5938965975088,1.9084876700688576,1.9084876700688576,1.0,18.75,9.999928686391006E7,-16.841512329931142
25,1207.9481765908945,0.9221954224481317,0.9221954224481317,1.0,18.75,9.999926903610548E7,-17.82780457755187
25,1229.188862528054,0.0,0.0,1.0,18.75,9.999925028610548E7,-18.75
25,1172.0576617348952,1.8437832937920808,1.8437832937920808,1.0,18.75,9.999923337988877E7,-16.906216706207918
25,1148.0308292191216,0.8790432463011714,0.8790432463011714,1.0,18.75,9.999921550893202E7,-17.870956753698827
25,1088.0146377998299,1.7220462438286823,1.7220462438286823,1.0,18.75,9.999919848097827E7,-17.027953756171318
25,950.1529349488787,3.2640439133994894,3.2640439133994894,1.0,18.75,9.999918299502218E7,-15.48595608660051
25,904.6402885676796,1.425229402423318,1.425229402423318,1.0,18.75,9.999916567025158E7,-17.32477059757668
25,846.3701694301163,1.3569604328515195,1.3569604328515195,1.0,18.75,9.999914827721201E7,-17.39303956714848
25,805.1882842445664,1.2695552541451744,1.2695552541451744,1.0,18.75,9.999913079676726E7,-17.480444745854825
25,741.3005315140896,1.8116736395502744,1.8116736395502744,1.0,18.75,9.99991138584409E7,-16.938326360449725
25,755.0274891883256,0.0,0.0,1.0,18.75,9.99990951084409E7,-18.75
25,695.5642740765844,1.1325412337824885,1.1325412337824885,1.0,18.75,9.999907749098215E7,-17.61745876621751
25,636.1159593218695,1.0433464111148765,1.0433464111148765,1.0,18.75,9.999905978432855E7,-17.706653588885125
25,576.1324715874135,0.9541739389828042,0.9541739389828042,1.0,18.75,9.999904198850249E7,-17.795826061017195
25,509.6167719335678,0.8641987073811203,0.8641987073811203,1.0,18.75,9.99990241027012E7,-17.88580129261888
25,447.1326184491485,0.7644251579003517,0.7644251579003517,1.0,18.75,9.999900611712636E7,-17.98557484209965
25,393.124138380476,0.6706989276737227,0.6706989276737227,1.0,18.75,9.999898803782529E7,-18.079301072326277
25,371.24870939706864,0.294843103785357,0.294843103785357,1.0,18.75,9.99989695826684E7,-18.455156896214643
25,346.6046266498312,0.2784365320478015,0.2784365320478015,1.0,18.75,9.999895111110492E7,-18.471563467952198
25,304.9486851619465,0.25995346998737334,0.25995346998737334,1.0,18.75,9.999893262105839E7,-18.490046530012627
25,266.905263087643,0.22871151387145988,0.22871151387145988,1.0,18.75,9.99989140997699E7,-18.52128848612854
25,229.02968152385506,0.20017894731573224,0.20017894731573224,1.0,18.75,9.999889554994886E7,-18.54982105268427
25,199.16852749562148,0.1717722611428913,0.1717722611428913,1.0,18.75,9.999887697172111E7,-18.57822773885711
25,170.04241284191835,0.1493763956217161,0.1493763956217161,1.0,18.75,9.99988583710975E7,-18.600623604378285
25,139.0338601994181,0.1275318096314388,0.1275318096314388,1.0,18.75,9.999883974862932E7,-18.62246819036856
25,105.37365008447188,0.10427539514956356,0.10427539514956356,1.0,18.75,9.99988211029047E7,-18.645724604850436
25,107.45891587389706,0.0,0.0,1.0,18.75,9.99988023529047E7,-18.75
25,109.58499935417342,0.0,0.0,1.0,18.75,9.99987836029047E7,-18.75
25,111.75268159708997,0.0,0.0,1.0,18.75,9.99987648529047E7,-18.75
25,113.9627579053435,0.0,0.0,1.0,18.75,9.99987461029047E7,-18.75
25,116.21603804307158,0.0,0.0,1.0,18.75,9.99987273529047E7,-18.75
25,118.51334646893616,0.0,0.0,1.0,18.75,9.99987086029047E7,-18.75
25,120.85552257173235,0.0,0.0,1.0,18.75,9.99986898529047E7,-18.75
25,82.10643375221639,0.09064164192879927,0.09064164192879927,1.0,18.75,9.999867119354635E7,-18.659358358071202
25,41.95297167678259,0.06157982531416229,0.06157982531416229,1.0,18.75,9.999865250512618E7,-18.688420174685838
25,42.788511006653216,0.0,0.0,1.0,18.75,9.999863375512618E7,-18.75
25,0.0,0.03209138325498991,0.03209138325498991,1.0,18.75,9.999861503721756E7,-18.71790861674501
25,0.0,0.0,0.0,1.0,18.75,9.999859628721756E7,-18.75
25,0.0,0.0,0.0,1.0,18.75,9.999857753721756E7,-18.75
25,0.0,0.0,0.0,1.0,18.75,9.999855878721756E7,-18.75
25,0.0,0.0,0.0,1.0,18.75,9.999854003721756E7,-18.75
25,0.0,0.0,0.0,1.0,18.75,9.999852128721756E7,-18.75
25,0.0,0.0,0.0,1.0,18.75,9.999850253721756E7,-18.75
25,0.0,0.0,0.0,1.0,18.75,9.999848378721756E7,-18.75
25,0.0,0.0,0.0,1.0,18.75,9.999846503721756E7,-18.75
25,0.0,0.0,0.0,1.0,18.75,9.999844628721756E7,-18.75
25,0.0,0.0,0.0,1.0,18.75,9.999842753721756E7,-18.75
25,0.0,0.0,0.0,1.0,18.75,9.999840878721756E7,-18.75
25,0.0,0.0,0.0,1.0,18.75,9.999839003721756E7,-18.75
25,0.0,0.0,0.0,1.0,18.75,9.999837128721756E7,-18.75
25,0.0,0.0,0.0,1.0,18.75,9.999835253721756E7,-18.75
25,0.0,0.0,0.0,1.0,18.75,9.999833378721756E7,-18.75
25,0.0,0.0,0.0,1.0,18.75,9.999831503721756E7,-18.75
25,0.0,0.0,0.0,1.0,18.75,9.999829628721756E7,-18.75
25,0.0,0.0,0.0,1.0,18.75,9.999827753721756E7,-18.75
25,0.0,0.0,0.0,1.0,18.75,9.999825878721756E7,-18.75
25,0.0,0.0,0.0,1.0,18.75,9.999824003721756E7,-18.75
25,0.0,0.0,0.0,1.0,18.75,9.999822128721756E7,-18.75
25,0.0,0.0,0.0,1.0,18.75,9.999820253721756E7,-18.75
25,0.0,0.0,0.0,1.0,18.75,9.999818378721756E7,-18.75
25,0.0,0.0,0.0,1.0,18.75,9.999816503721756E7,-18.75
25,0.0,0.0,0.0,1.0,18.75,9.999814628721756E7,-18.75
25,0.0,0.0,0.0,1.0,18.75,9.999812753721756E7,-18.75
25,0.0,0.0,0.0,1.0,18.75,9.999810878721756E7,-18.75
25,0.0,0.0,0.0,1.0,18.75,9.999809003721756E7,-18.75
25,0.0,0.0,0.0,1.0,18.75,9.999807128721756E7,-18.75
25,0.0,0.0,0.0,1.0,18.75,9.999805253721756E7,-18.75
25,0.0,0.0,0.0,1.0,18.75,9.999803378721756E7,-18.75
25,0.0,0.0,0.0,1.0,18.75,9.999801503721756E7,-18.75
25,0.0,0.0,0.0,1.0,18.75,9.999799628721756E7,-18.75
25,0.0,0.0,0.0,1.0,18.75,9.999797753721756E7,-18.75
25,0.0,0.0,0.0,1.0,18.75,9.999795878721756E7,-18.75
25,0.0,0.0,0.0,1.0,18.75,9.999794003721756E7,-18.75
25,0.0,0.0,0.0,1.0,18.75,9.999792128721756E7,-18.75
25,0.0,0.0,0.0,1.0,18.75,9.999790253721756E7,-18.75
25,0.0,0.0,0.0,1.0,18.75,9.999788378721756E7,-18.75
25,0.0,0.0,0.0,1.0,18.75,9.999786503721756E7,-18.75
25,0.0,0.0,0.0,1.0,18.75,9.999784628721756E7,-18.75
25,0.0,0.0,0.0,1.0,18.75,9.999782753721756E7,-18.75
25,0.0,0.0,0.0,1.0,18.75,9.999780878721756E7,-18.75
25,0.0,0.0,0.0,1.0,18.75,9.999779003721756E7,-18.75
25,0.0,0.0,0.0,1.0,18.75,9.999777128721756E7,-18.75
25,0.0,0.0,0.0,1.0,18.75,9.999775253721756E7,-18.75
25,0.0,0.0,0.0,1.0,18.75,9.999773378721756E7,-18.75
25,0.0,0.0,0.0,1.0,18.75,9.999771503721756E7,-18.75
25,0.0,0.0,0.0,1.0,18.75,9.999769628721756E7,-18.75
25,0.0,0.0,0.0,1.0,18.75,9.999767753721756E7,-18.75
25,0.0,0.0,0.0,1.0,18.75,9.999765878721756E7,-18.75
25,0.0,0.0,0.0,1.0,18.75,9.999764003721756E7,-18.75
25,0.0,0.0,0.0,1.0,18.75,9.999762128721756E7,-18.75
25,0.0,0.0,0.0,1.0,18.75,9.999760253721756E7,-18.75
25,0.0,0.0,0.0,1.0,18.75,9.999758378721756E7,-18.75
25,0.0,0.0,0.0,1.0,18.75,9.999756503721756E7,-18.75
25,0.0,0.0,0.0,1.0,18.75,9.999754628721756E7,-18.75
25,0.0,0.0,0.0,1.0,18.75,9.999752753721756E7,-18.75
25,0.0,0.0,0.0,1.0,18.75,9.999750878721756E7,-18.75
25,0.0,0.0,0.0,1.0,18.75,9.999749003721756E7,-18.75
25,0.0,0.0,0.0,1.0,18.75,9.999747128721756E7,-18.75
25,0.0,0.0,0.0,1.0,18.75,9.999745253721756E7,-18.75
25,0.0,0.0,0.0,1.0,18.75,9.999743378721756E7,-18.75
25,0.0,0.0,0.0,1.0,18.75,9.999741503721756E7,-18.75
25,0.0,0.0,0.0,1.0,18.75,9.999739628721756E7,-18.75
25,0.0,0.0,0.0,1.0,18.75,9.999737753721756E7,-18.75
25,0.0,0.0,0.0,1.0,18.75,9.999735878721756E7,-18.75
25,0.0,0.0,0.0,1.0,18.75,9.999734003721756E7,-18.75
25,0.0,0.0,0.0,1.0,18.75,9.999732128721756E7,-18.75
25,0.0,0.0,0.0,1.0,18.75,9.999730253721756E7,-18.75
25,0.0,0.0,0.0,1.0,18.75,9.999728378721756E7,-18.75
25,0.0,0.0,0.0,1.0,18.75,9.999726503721756E7,-18.75
25,0.0,0.0,0.0,1.0,18.75,9.999724628721756E7,-18.75
25,0.0,0.0,0.0,1.0,18.75,9.999722753721756E7,-18.75
25,0.0,0.0,0.0,1.0,18.75,9.999720878721756E7,-18.75
25,0.0,0.0,0.0,1.0,18.75,9.999719003721756E7,-18.75
25,0.0,0.0,0.0,1.0,18.75,9.999717128721756E7,-18.75
25,0.0,0.0,0.0,1.0,18.75,9.999715253721756E7,-18.75
25,0.0,0.0,0.0,1.0,18.75,9.999713378721756E7,-18.75
25,0.0,0.0,0.0,1.0,18.75,9.999711503721756E7,-18.75
25,0.0,0.0,0.0,1.0,18.75,9.999709628721756E7,-18.75
25,0.0,0.0,0.0,1.0,18.75,9.999707753721756E7,-18.75
25,0.0,0.0,0.0,1.0,18.75,9.999705878721756E7,-18.75
25,0.0,0.0,0.0,1.0,18.75,9.999704003721756E7,-18.75
25,0.0,0.0,0.0,1.0,18.75,9.999702128721756E7,-18.75
25,0.0,0.0,0.0,1.0,18.75,9.999700253721756E7,-18.75
25,0.0,0.0,0.0,1.0,18.75,9.999698378721756E7,-18.75
25,0.0,0.0,0.0,1.0,18.75,9.999696503721756E7,-18.75
25,0.0,0.0,0.0,1.0,18.75,9.999694628721756E7,-18.75
25,0.0,0.0,0.0,1.0,18.75,9.999692753721756E7,-18.75
25,0.0,0.0,0.0,1.0,18.75,9.999690878721756E7,-18.75
25,0.0,0.0,0.0,1.0,18.75,9.999689003721756E7,-18.75
25,0.0,0.0,0.0,1.0,18.75,9.999687128721756E7,-18.75
25,0.0,0.0,0.0,1.0,18.75,9.999685253721756E7,-18.75
25,0.0,0.0,0.0,1.0,18.75,9.999683378721756E7,-18.75
25,0.0,0.0,0.0,1.0,18.75,9.999681503721756E7,-18.75
25,0.0,0.0,0.0,1.0,18.75,9.999679628721756E7,-18.75
25,0.0,0.0,0.0,1.0,18.75,9.999677753721756E7,-18.75
25,0.0,0.0,0.0,1.0,18.75,9.999675878721756E7,-18.75
25,0.0,0.0,0.0,1.0,18.75,9.999674003721756E7,-18.75
25,0.0,0.0,0.0,1.0,18.75,9.999672128721756E7,-18.75
25,0.0,0.0,0.0,1.0,18.75,9.999670253721756E7,-18.75
25,0.0,0.0,0.0,1.0,18.75,9.999668378721756E7,-18.75
25,0.0,0.0,0.0,1.0,18.75,9.999666503721756E7,-18.75
25,0.0,0.0,0.0,1.0,18.75,9.999664628721756E7,-18.75
25,0.0,0.0,0.0,1.0,18.75,9.999662753721756E7,-18.75
25,0.0,0.0,0.0,1.0,18.75,9.999660878721756E7,-18.75
25,0.0,0.0,0.0,1.0,18.75,9.999659003721756E7,-18.75
25,0.0,0.0,0.0,1.0,18.75,9.999657128721756E7,-18.75
25,0.0,0.0,0.0,1.0,18.75,9.999655253721756E7,-18.75
25,0.0,0.0,0.0,1.0,18.75,9.999653378721756E7,-18.75
25,0.0,0.0,0.0,1.0,18.75,9.999651503721756E7,-18.75
25,0.0,0.0,0.0,1.0,18.75,9.999649628721756E7,-18.75
25,0.0,0.0,0.0,1.0,18.75,9.999647753721756E7,-18.75
25,0.0,0.0,0.0,1.0,18.75,9.999645878721756E7,-18.75
25,0.0,0.0,0.0,1.0,18.75,9.999644003721756E7,-18.75
25,0.0,0.0,0.0,1.0,18.75,9.999642128721756E7,-18.75
25,0.0,0.0,0.0,1.0,18.75,9.999640253721756E7,-18.75
25,0.0,0.0,0.0,1.0,18.75,9.999638378721756E7,-18.75
25,0.0,0.0,0.0,1.0,18.75,9.999636503721756E7,-18.75
25,0.0,0.0,0.0,1.0,18.75,9.999634628721756E7,-18.75
25,0.0,0.0,0.0,1.0,18.75,9.999632753721756E7,-18.75
25,0.0,0.0,0.0,1.0,18.75,9.999630878721756E7,-18.75
25,0.0,0.0,0.0,1.0,18.75,9.999629003721756E7,-18.75
25,0.0,0.0,0.0,1.0,18.75,9.999627128721756E7,-18.75
25,0.0,0.0,0.0,1.0,18.75,9.999625253721756E7,-18.75
25,0.0,0.0,0.0,1.0,18.75,9.999623378721756E7,-18.75
25,0.0,0.0,0.0,1.0,18.75,9.999621503721756E7,-18.75
25,0.0,0.0,0.0,1.0,18.75,9.999619628721756E7,-18.75
25,0.0,0.0,0.0,1.0,18.75,9.999617753721756E7,-18.75
25,0.0,0.0,0.0,1.0,18.75,9.999615878721756E7,-18.75
25,0.0,0.0,0.0,1.0,18.75,9.999614003721756E7,-18.75
25,0.0,0.0,0.0,1.0,18.75,9.999612128721756E7,-18.75
25,0.0,0.0,0.0,1.0,18.75,9.999610253721756E7,-18.75
25,0.0,0.0,0.0,1.0,18.75,9.999608378721756E7,-18.75
25,0.0,0.0,0.0,1.0,18.75,9.999606503721756E7,-18.75
25,0.0,0.0,0.0,1.0,18.75,9.999604628721756E7,-18.75
25,0.0,0.0,0.0,1.0,18.75,9.999602753721756E7,-18.75
25,0.0,0.0,0.0,1.0,18.75,9.999600878721756E7,-18.75
25,0.0,0.0,0.0,1.0,18.75,9.999599003721756E7,-18.75
25,0.0,0.0,0.0,1.0,18.75,9.999597128721756E7,-18.75
25,0.0,0.0,0.0,1.0,18.75,9.999595253721756E7,-18.75
25,0.0,0.0,0.0,1.0,18.75,9.999593378721756E7,-18.75
25,0.0,0.0,0.0,1.0,18.75,9.999591503721756E7,-18.75
25,0.0,0.0,0.0,1.0,18.75,9.999589628721756E7,-18.75
25,0.0,0.0,0.0,1.0,18.75,9.999587753721756E7,-18.75
25,0.0,0.0,0.0,1.0,18.75,9.999585878721756E7,-18.75
25,0.0,0.0,0.0,1.0,18.75,9.999584003721756E7,-18.75
25,0.0,0.0,0.0,1.0,18.75,9.999582128721756E7,-18.75
25,0.0,0.0,0.0,1.0,18.75,9.999580253721756E7,-18.75
25,0.0,0.0,0.0,1.0,18.75,9.999578378721756E7,-18.75
25,0.0,0.0,0.0,1.0,18.75,9.999576503721756E7,-18.75
25,0.0,0.0,0.0,1.0,18.75,9.999574628721756E7,-18.75
25,0.0,0.0,0.0,1.0,18.75,9.999572753721756E7,-18.75
25,0.0,0.0,0.0,1.0,18.75,9.999570878721756E7,-18.75
25,0.0,0.0,0.0,1.0,18.75,9.999569003721756E7,-18.75
25,0.0,0.0,0.0,1.0,18.75,9.999567128721756E7,-18.75
25,0.0,0.0,0.0,1.0,18.75,9.999565253721756E7,-18.75
25,0.0,0.0,0.0,1.0,18.75,9.999563378721756E7,-18.75
25,0.0,0.0,0.0,1.0,18.75,9.999561503721756E7,-18.75
25,0.0,0.0,0.0,1.0,18.75,9.999559628721756E7,-18.75
25,0.0,0.0,0.0,1.0,18.75,9.999557753721756E7,-18.75
25,0.0,0.0,0.0,1.0,18.75,9.999555878721756E7,-18.75
25,0.0,0.0,0.0,1.0,18.75,9.999554003721756E7,-18.75
25,0.0,0.0,0.0,1.0,18.75,9.999552128721756E7,-18.75
25,0.0,0.0,0.0,1.0,18.75,9.999550253721756E7,-18.75
25,0.0,0.0,0.0,1.0,18.75,9.999548378721756E7,-18.75
25,0.0,0.0,0.0,1.0,18.75,9.999546503721756E7,-18.75
25,0.0,0.0,0.0,1.0,18.75,9.999544628721756E7,-18.75
25,0.0,0.0,0.0,1.0,18.75,9.999542753721756E7,-18.75
25,0.0,0.0,0.0,1.0,18.75,9.999540878721756E7,-18.75
25,0.0,0.0,0.0,1.0,18.75,9.999539003721756E7,-18.75
25,0.0,0.0,0.0,1.0,18.75,9.999537128721756E7,-18.75
25,0.0,0.0,0.0,1.0,18.75,9.999535253721756E7,-18.75
25,0.0,0.0,0.0,1.0,18.75,9.999533378721756E7,-18.75
25,0.0,0.0,0.0,1.0,18.75,9.999531503721756E7,-18.75
25,0.0,0.0,0.0,1.0,18.75,9.999529628721756E7,-18.75
25,0.0,0.0,0.0,1.0,18.75,9.999527753721756E7,-18.75
25,0.0,0.0,0.0,1.0,18.75,9.999525878721756E7,-18.75
25,0.0,0.0,0.0,1.0,18.75,9.999524003721756E7,-18.75
25,0.0,0.0,0.0,1.0,18.75,9.999522128721756E7,-18.75
25,0.0,0.0,0.0,1.0,18.75,9.999520253721756E7,-18.75
25,0.0,0.0,0.0,1.0,18.75,9.999518378721756E7,-18.75
25,0.0,0.0,0.0,1.0,18.75,9.999516503721756E7,-18.75
25,0.0,0.0,0.0,1.0,18.75,9.999514628721756E7,-18.75
25,0.0,0.0,0.0,1.0,18.75,9.999512753721756E7,-18.75
25,0.0,0.0,0.0,1.0,18.75,9.999510878721756E7,-18.75
25,0.0,0.0,0.0,1.0,18.75,9.999509003721756E7,-18.75
25,0.0,0.0,0.0,1.0,18.75,9.999507128721756E7,-18.75
25,0.0,0.0,0.0,1.0,18.75,9.999505253721756E7,-18.75
25,0.0,0.0,0.0,1.0,18.75,9.999503378721756E7,-18.75
25,0.0,0.0,0.0,1.0,18.75,9.999501503721756E7,-18.75
25,0.0,0.0,0.0,1.0,18.75,9.999499628721756E7,-18.75
25,0.0,0.0,0.0,1.0,18.75,9.999497753721756E7,-18.75
25,0.0,0.0,0.0,1.0,18.75,9.999495878721756E7,-18.75
25,0.0,0.0,0.0,1.0,18.75,9.999494003721756E7,-18.75
25,0.0,0.0,0.0,1.0,18.75,9.999492128721756E7,-18.75
25,0.0,0.0,0.0,1.0,18.75,9.999490253721756E7,-18.75
25,0.0,0.0,0.0,1.0,18.75,9.999488378721756E7,-18.75
25,0.0,0.0,0.0,1.0,18.75,9.999486503721756E7,-18.75
25,0.0,0.0,0.0,1.0,18.75,9.999484628721756E7,-18.75
25,0.0,0.0,0.0,1.0,18.75,9.999482753721756E7,-18.75
25,0.0,0.0,0.0,1.0,18.75,9.999480878721756E7,-18.75
25,0.0,0.0,0.0,1.0,18.75,9.999479003721756E7,-18.75
25,0.0,0.0,0.0,1.0,18.75,9.999477128721756E7,-18.75
25,0.0,0.0,0.0,1.0,18.75,9.999475253721756E7,-18.75
25,0.0,0.0,0.0,1.0,18.75,9.999473378721756E7,-18.75
25,0.0,0.0,0.0,1.0,18.75,9.999471503721756E7,-18.75
25,0.0,0.0,0.0,1.0,18.75,9.999469628721756E7,-18.75
25,0.0,0.0,0.0,1.0,18.75,9.999467753721756E7,-18.75
25,0.0,0.0,0.0,1.0,18.75,9.999465878721756E7,-18.75
25,0.0,0.0,0.0,1.0,18.75,9.999464003721756E7,-18.75
25,0.0,0.0,0.0,1.0,18.75,9.999462128721756E7,-18.75
25,0.0,0.0,0.0,1.0,18.75,9.999460253721756E7,-18.75
25,0.0,0.0,0.0,1.0,18.75,9.999458378721756E7,-18.75
25,0.0,0.0,0.0,1.0,18.75,9.999456503721756E7,-18.75
25,0.0,0.0,0.0,1.0,18.75,9.999454628721756E7,-18.75
25,0.0,0.0,0.0,1.0,18.75,9.999452753721756E7,-18.75
25,0.0,0.0,0.0,1.0,18.75,9.999450878721756E7,-18.75
25,0.0,0.0,0.0,1.0,18.75,9.999449003721756E7,-18.75
25,0.0,0.0,0.0,1.0,18.75,9.999447128721756E7,-18.75
25,0.0,0.0,0.0,1.0,18.75,9.999445253721756E7,-18.75
25,0.0,0.0,0.0,1.0,18.75,9.999443378721756E7,-18.75
25,0.0,0.0,0.0,1.0,18.75,9.999441503721756E7,-18.75
25,0.0,0.0,0.0,1.0,18.75,9.999439628721756E7,-18.75
25,0.0,0.0,0.0,1.0,18.75,9.999437753721756E7,-18.75
25,0.0,0.0,0.0,1.0,18.75,9.999435878721756E7,-18.75
25,0.0,0.0,0.0,1.0,18.75,9.999434003721756E7,-18.75
25,0.0,0.0,0.0,1.0,18.75,9.999432128721756E7,-18.75
25,0.0,0.0,0.0,1.0,18.75,9.999430253721756E7,-18.75
25,0.0,0.0,0.0,1.0,18.75,9.999428378721756E7,-18.75
25,0.0,0.0,0.0,1.0,18.75,9.999426503721756E7,-18.75
25,0.0,0.0,0.0,1.0,18.75,9.999424628721756E7,-18.75
25,0.0,0.0,0.0,1.0,18.75,9.999422753721756E7,-18.75
25,0.0,0.0,0.0,1.0,18.75,9.999420878721756E7,-18.75
25,0.0,0.0,0.0,1.0,18.75,9.999419003721756E7,-18.75
25,0.0,0.0,0.0,1.0,18.75,9.999417128721756E7,-18.75
25,0.0,0.0,0.0,1.0,18.75,9.999415253721756E7,-18.75
25,0.0,0.0,0.0,1.0,18.75,9.999413378721756E7,-18.75
25,0.0,0.0,0.0,1.0,18.75,9.999411503721756E7,-18.75
25,0.0,0.0,0.0,1.0,18.75,9.999409628721756E7,-18.75
25,0.0,0.0,0.0,1.0,18.75,9.999407753721756E7,-18.75
25,0.0,0.0,0.0,1.0,18.75,9.999405878721756E7,-18.75
25,0.0,0.0,0.0,1.0,18.75,9.999404003721756E7,-18.75
25,0.0,0.0,0.0,1.0,18.75,9.999402128721756E7,-18.75
25,0.0,0.0,0.0,1.0,18.75,9.999400253721756E7,-18.75
25,0.0,0.0,0.0,1.0,18.75,9.999398378721756E7,-18.75
25,0.0,0.0,0.0,1.0,18.75,9.999396503721756E7,-18.75
25,0.0,0.0,0.0,1.0,18.75,9.999394628721756E7,-18.75
25,0.0,0.0,0.0,1.0,18.75,9.999392753721756E7,-18.75
25,0.0,0.0,0.0,1.0,18.75,9.999390878721756E7,-18.75
25,0.0,0.0,0.0,1.0,18.75,9.999389003721756E7,-18.75
25,0.0,0.0,0.0,1.0,18.75,9.999387128721756E7,-18.75
25,0.0,0.0,0.0,1.0,18.75,9.999385253721756E7,-18.75
25,0.0,0.0,0.0,1.0,18.75,9.999383378721756E7,-18.75
25,0.0,0.0,0.0,1.0,18.75,9.999381503721756E7,-18.75
25,0.0,0.0,0.0,1.0,18.75,9.999379628721756E7,-18.75
25,0.0,0.0,0.0,1.0,18.75,9.999377753721756E7,-18.75
25,0.0,0.0,0.0,1.0,18.75,9.999375878721756E7,-18.75
25,0.0,0.0,0.0,1.0,18.75,9.999374003721756E7,-18.75
25,0.0,0.0,0.0,1.0,18.75,9.999372128721756E7,-18.75
25,0.0,0.0,0.0,1.0,18.75,9.999370253721756E7,-18.75
25,0.0,0.0,0.0,1.0,18.75,9.999368378721756E7,-18.75
25,0.0,0.0,0.0,1.0,18.75,9.999366503721756E7,-18.75
25,0.0,0.0,0.0,1.0,18.75,9.999364628721756E7,-18.75
25,0.0,0.0,0.0,1.0,18.75,9.999362753721756E7,-18.75
25,0.0,0.0,0.0,1.0,18.75,9.999360878721756E7,-18.75
25,0.0,0.0,0.0,1.0,18.75,9.999359003721756E7,-18.75
25,0.0,0.0,0.0,1.0,18.75,9.999357128721756E7,-18.75
25,0.0,0.0,0.0,1.0,18.75,9.999355253721756E7,-18.75
25,0.0,0.0,0.0,1.0,18.75,9.999353378721756E7,-18.75
25,0.0,0.0,0.0,1.0,18.75,9.999351503721756E7,-18.75
25,0.0,0.0,0.0,1.0,18.75,9.999349628721756E7,-18.75
25,0.0,0.0,0.0,1.0,18.75,9.999347753721756E7,-18.75
25,0.0,0.0,0.0,1.0,18.75,9.999345878721756E7,-18.75
25,0.0,0.0,0.0,1.0,18.75,9.999344003721756E7,-18.75
25,0.0,0.0,0.0,1.0,18.75,9.999342128721756E7,-18.75
25,0.0,0.0,0.0,1.0,18.75,9.999340253721756E7,-18.75
25,0.0,0.0,0.0,1.0,18.75,9.999338378721756E7,-18.75
25,0.0,0.0,0.0,1.0,18.75,9.999336503721756E7,-18.75
25,0.0,0.0,0.0,1.0,18.75,9.999334628721756E7,-18.75
25,0.0,0.0,0.0,1.0,18.75,9.999332753721756E7,-18.75
25,0.0,0.0,0.0,1.0,18.75,9.999330878721756E7,-18.75
25,0.0,0.0,0.0,1.0,18.75,9.999329003721756E7,-18.75
25,0.0,0.0,0.0,1.0,18.75,9.999327128721756E7,-18.75
25,0.0,0.0,0.0,1.0,18.75,9.999325253721756E7,-18.75
25,0.0,0.0,0.0,1.0,18.75,9.999323378721756E7,-18.75
25,0.0,0.0,0.0,1.0,18.75,9.999321503721756E7,-18.75
25,0.0,0.0,0.0,1.0,18.75,9.999319628721756E7,-18.75
25,0.0,0.0,0.0,1.0,18.75,9.999317753721756E7,-18.75
25,0.0,0.0,0.0,1.0,18.75,9.999315878721756E7,-18.75
25,0.0,0.0,0.0,1.0,18.75,9.999314003721756E7,-18.75
25,0.0,0.0,0.0,1.0,18.75,9.999312128721756E7,-18.75
25,0.0,0.0,0.0,1.0,18.75,9.999310253721756E7,-18.75
25,0.0,0.0,0.0,1.0,18.75,9.999308378721756E7,-18.75
25,0.0,0.0,0.0,1.0,18.75,9.999306503721756E7,-18.75
25,0.0,0.0,0.0,1.0,18.75,9.999304628721756E7,-18.75
25,0.0,0.0,0.0,1.0,18.75,9.999302753721756E7,-18.75
25,0.0,0.0,0.0,1.0,18.75,9.999300878721756E7,-18.75
25,0.0,0.0,0.0,1.0,18.75,9.999299003721756E7,-18.75
25,0.0,0.0,0.0,1.0,18.75,9.999297128721756E7,-18.75
25,0.0,0.0,0.0,1.0,18.75,9.999295253721756E7,-18.75
25,0.0,0.0,0.0,1.0,18.75,9.999293378721756E7,-18.75
25,0.0,0.0,0.0,1.0,18.75,9.999291503721756E7,-18.75
25,0.0,0.0,0.0,1.0,18.75,9.999289628721756E7,-18.75
25,0.0,0.0,0.0,1.0,18.75,9.999287753721756E7,-18.75
25,0.0,0.0,0.0,1.0,18.75,9.999285878721756E7,-18.75
25,0.0,0.0,0.0,1.0,18.75,9.999284003721756E7,-18.75
25,0.0,0.0,0.0,1.0,18.75,9.999282128721756E7,-18.75
25,0.0,0.0,0.0,1.0,18.75,9.999280253721756E7,-18.75
25,0.0,0.0,0.0,1.0,18.75,9.999278378721756E7,-18.75
25,0.0,0.0,0.0,1.0,18.75,9.999276503721756E7,-18.75
25,0.0,0.0,0.0,1.0,18.75,9.999274628721756E7,-18.75
25,0.0,0.0,0.0,1.0,18.75,9.999272753721756E7,-18.75
25,0.0,0.0,0.0,1.0,18.75,9.999270878721756E7,-18.75
25,0.0,0.0,0.0,1.0,18.75,9.999269003721756E7,-18.75
25,0.0,0.0,0.0,1.0,18.75,9.999267128721756E7,-18.75
25,0.0,0.0,0.0,1.0,18.75,9.999265253721756E7,-18.75
25,0.0,0.0,0.0,1.0,18.75,9.999263378721756E7,-18.75
25,0.0,0.0,0.0,1.0,18.75,9.999261503721756E7,-18.75
25,0.0,0.0,0.0,1.0,18.75,9.999259628721756E7,-18.75
25,0.0,0.0,0.0,1.0,18.75,9.999257753721756E7,-18.75
25,0.0,0.0,0.0,1.0,18.75,9.999255878721756E7,-18.75
25,0.0,0.0,0.0,1.0,18.75,9.999254003721756E7,-18.75
25,0.0,0.0,0.0,1.0,18.75,9.999252128721756E7,-18.75
25,0.0,0.0,0.0,1.0,18.75,9.999250253721756E7,-18.75
25,0.0,0.0,0.0,1.0,18.75,9.999248378721756E7,-18.75
25,0.0,0.0,0.0,1.0,18.75,9.999246503721756E7,-18.75
25,0.0,0.0,0.0,1.0,18.75,9.999244628721756E7,-18.75
25,0.0,0.0,0.0,1.0,18.75,9.999242753721756E7,-18.75
25,0.0,0.0,0.0,1.0,18.75,9.999240878721756E7,-18.75
25,0.0,0.0,0.0,1.0,18.75,9.999239003721756E7,-18.75
25,0.0,0.0,0.0,1.0,18.75,9.999237128721756E7,-18.75
25,0.0,0.0,0.0,1.0,18.75,9.999235253721756E7,-18.75
25,0.0,0.0,0.0,1.0,18.75,9.999233378721756E7,-18.75
25,0.0,0.0,0.0,1.0,18.75,9.999231503721756E7,-18.75
25,0.0,0.0,0.0,1.0,18.75,9.999229628721756E7,-18.75
25,0.0,0.0,0.0,1.0,18.75,9.999227753721756E7,-18.75
25,0.0,0.0,0.0,1.0,18.75,9.999225878721756E7,-18.75
25,0.0,0.0,0.0,1.0,18.75,9.999224003721756E7,-18.75
25,0.0,0.0,0.0,1.0,18.75,9.999222128721756E7,-18.75
25,0.0,0.0,0.0,1.0,18.75,9.999220253721756E7,-18.75
25,0.0,0.0,0.0,1.0,18.75,9.999218378721756E7,-18.75
25,0.0,0.0,0.0,1.0,18.75,9.999216503721756E7,-18.75
25,0.0,0.0,0.0,1.0,18.75,9.999214628721756E7,-18.75
25,0.0,0.0,0.0,1.0,18.75,9.999212753721756E7,-18.75
25,0.0,0.0,0.0,1.0,18.75,9.999210878721756E7,-18.75
25,0.0,0.0,0.0,1.0,18.75,9.999209003721756E7,-18.75
25,0.0,0.0,0.0,1.0,18.75,9.999207128721756E7,-18.75
25,0.0,0.0,0.0,1.0,18.75,9.999205253721756E7,-18.75
25,0.0,0.0,0.0,1.0,18.75,9.999203378721756E7,-18.75
25,0.0,0.0,0.0,1.0,18.75,9.999201503721756E7,-18.75
25,0.0,0.0,0.0,1.0,18.75,9.999199628721756E7,-18.75
25,0.0,0.0,0.0,1.0,18.75,9.999197753721756E7,-18.75
25,0.0,0.0,0.0,1.0,18.75,9.999195878721756E7,-18.75
25,0.0,0.0,0.0,1.0,18.75,9.999194003721756E7,-18.75
25,0.0,0.0,0.0,1.0,18.75,9.999192128721756E7,-18.75
25,0.0,0.0,0.0,1.0,18.75,9.999190253721756E7,-18.75
25,0.0,0.0,0.0,1.0,18.75,9.999188378721756E7,-18.75
25,0.0,0.0,0.0,1.0,18.75,9.999186503721756E7,-18.75
25,0.0,0.0,0.0,1.0,18.75,9.999184628721756E7,-18.75
25,0.0,0.0,0.0,1.0,18.75,9.999182753721756E7,-18.75
25,0.0,0.0,0.0,1.0,18.75,9.999180878721756E7,-18.75
25,0.0,0.0,0.0,1.0,18.75,9.999179003721756E7,-18.75
25,0.0,0.0,0.0,1.0,18.75,9.999177128721756E7,-18.75
25,0.0,0.0,0.0,1.0,18.75,9.999175253721756E7,-18.75
25,0.0,0.0,0.0,1.0,18.75,9.999173378721756E7,-18.75
25,0.0,0.0,0.0,1.0,18.75,9.999171503721756E7,-18.75
25,0.0,0.0,0.0,1.0,18.75,9.999169628721756E7,-18.75
25,0.0,0.0,0.0,1.0,18.75,9.999167753721756E7,-18.75
25,0.0,0.0,0.0,1.0,18.75,9.999165878721756E7,-18.75
25,0.0,0.0,0.0,1.0,18.75,9.999164003721756E7,-18.75
25,0.0,0.0,0.0,1.0,18.75,9.999162128721756E7,-18.75
25,0.0,0.0,0.0,1.0,18.75,9.999160253721756E7,-18.75
25,0.0,0.0,0.0,1.0,18.75,9.999158378721756E7,-18.75
25,0.0,0.0,0.0,1.0,18.75,9.999156503721756E7,-18.75
25,0.0,0.0,0.0,1.0,18.75,9.999154628721756E7,-18.75
25,0.0,0.0,0.0,1.0,18.75,9.999152753721756E7,-18.75
25,0.0,0.0,0.0,1.0,18.75,9.999150878721756E7,-18.75
25,0.0,0.0,0.0,1.0,18.75,9.999149003721756E7,-18.75
25,0.0,0.0,0.0,1.0,18.75,9.999147128721756E7,-18.75
25,0.0,0.0,0.0,1.0,18.75,9.999145253721756E7,-18.75
25,0.0,0.0,0.0,1.0,18.75,9.999143378721756E7,-18.75
25,0.0,0.0,0.0,1.0,18.75,9.999141503721756E7,-18.75
25,0.0,0.0,0.0,1.0,18.75,9.999139628721756E7,-18.75
25,0.0,0.0,0.0,1.0,18.75,9.999137753721756E7,-18.75
25,0.0,0.0,0.0,1.0,18.75,9.999135878721756E7,-18.75
25,0.0,0.0,0.0,1.0,18.75,9.999134003721756E7,-18.75
25,0.0,0.0,0.0,1.0,18.75,9.999132128721756E7,-18.75
25,0.0,0.0,0.0,1.0,18.75,9.999130253721756E7,-18.75
25,0.0,0.0,0.0,1.0,18.75,9.999128378721756E7,-18.75
25,0.0,0.0,0.0,1.0,18.75,9.999126503721756E7,-18.75
25,0.0,0.0,0.0,1.0,18.75,9.999124628721756E7,-18.75
25,0.0,0.0,0.0,1.0,18.75,9.999122753721756E7,-18.75
25,0.0,0.0,0.0,1.0,18.75,9.999120878721756E7,-18.75
25,0.0,0.0,0.0,1.0,18.75,9.999119003721756E7,-18.75
25,0.0,0.0,0.0,1.0,18.75,9.999117128721756E7,-18.75
25,0.0,0.0,0.0,1.0,18.75,9.999115253721756E7,-18.75
25,0.0,0.0,0.0,1.0,18.75,9.999113378721756E7,-18.75
25,0.0,0.0,0.0,1.0,18.75,9.999111503721756E7,-18.75
25,0.0,0.0,0.0,1.0,18.75,9.999109628721756E7,-18.75
25,0.0,0.0,0.0,1.0,18.75,9.999107753721756E7,-18.75
25,0.0,0.0,0.0,1.0,18.75,9.999105878721756E7,-18.75
25,0.0,0.0,0.0,1.0,18.75,9.999104003721756E7,-18.75
25,0.0,0.0,0.0,1.0,18.75,9.999102128721756E7,-18.75
25,0.0,0.0,0.0,1.0,18.75,9.999100253721756E7,-18.75
25,0.0,0.0,0.0,1.0,18.75,9.999098378721756E7,-18.75
25,0.0,0.0,0.0,1.0,18.75,9.999096503721756E7,-18.75
25,0.0,0.0,0.0,1.0,18.75,9.999094628721756E7,-18.75
25,0.0,0.0,0.0,1.0,18.75,9.999092753721756E7,-18.75
25,0.0,0.0,0.0,1.0,18.75,9.999090878721756E7,-18.75
25,0.0,0.0,0.0,1.0,18.75,9.999089003721756E7,-18.75
25,0.0,0.0,0.0,1.0,18.75,9.999087128721756E7,-18.75
25,0.0,0.0,0.0,1.0,18.75,9.999085253721756E7,-18.75
25,0.0,0.0,0.0,1.0,18.75,9.999083378721756E7,-18.75
25,0.0,0.0,0.0,1.0,18.75,9.999081503721756E7,-18.75
25,0.0,0.0,0.0,1.0,18.75,9.999079628721756E7,-18.75
25,0.0,0.0,0.0,1.0,18.75,9.999077753721756E7,-18.75
25,0.0,0.0,0.0,1.0,18.75,9.999075878721756E7,-18.75
25,0.0,0.0,0.0,1.0,18.75,9.999074003721756E7,-18.75
25,0.0,0.0,0.0,1.0,18.75,9.999072128721756E7,-18.75
25,0.0,0.0,0.0,1.0,18.75,9.999070253721756E7,-18.75
25,0.0,0.0,0.0,1.0,18.75,9.999068378721756E7,-18.75
25,0.0,0.0,0.0,1.0,18.75,9.999066503721756E7,-18.75
25,0.0,0.0,0.0,1.0,18.75,9.999064628721756E7,-18.75
25,0.0,0.0,0.0,1.0,18.75,9.999062753721756E7,-18.75
25,0.0,0.0,0.0,1.0,18.75,9.999060878721756E7,-18.75
25,0.0,0.0,0.0,1.0,18.75,9.999059003721756E7,-18.75
25,0.0,0.0,0.0,1.0,18.75,9.999057128721756E7,-18.75
25,0.0,0.0,0.0,1.0,18.75,9.999055253721756E7,-18.75
25,0.0,0.0,0.0,1.0,18.75,9.999053378721756E7,-18.75
25,0.0,0.0,0.0,1.0,18.75,9.999051503721756E7,-18.75
25,0.0,0.0,0.0,1.0,18.75,9.999049628721756E7,-18.75
25,0.0,0.0,0.0,1.0,18.75,9.999047753721756E7,-18.75
25,0.0,0.0,0.0,1.0,18.75,9.999045878721756E7,-18.75
25,0.0,0.0,0.0,1.0,18.75,9.999044003721756E7,-18.75
25,0.0,0.0,0.0,1.0,18.75,9.999042128721756E7,-18.75
25,0.0,0.0,0.0,1.0,18.75,9.999040253721756E7,-18.75
25,0.0,0.0,0.0,1.0,18.75,9.999038378721756E7,-18.75
25,0.0,0.0,0.0,1.0,18.75,9.999036503721756E7,-18.75
25,0.0,0.0,0.0,1.0,18.75,9.999034628721756E7,-18.75
25,0.0,0.0,0.0,1.0,18.75,9.999032753721756E7,-18.75
25,0.0,0.0,0.0,1.0,18.75,9.999030878721756E7,-18.75
25,0.0,0.0,0.0,1.0,18.75,9.999029003721756E7,-18.75
25,0.0,0.0,0.0,1.0,18.75,9.999027128721756E7,-18.75
25,0.0,0.0,0.0,1.0,18.75,9.999025253721756E7,-18.75
25,0.0,0.0,0.0,1.0,18.75,9.999023378721756E7,-18.75
25,0.0,0.0,0.0,1.0,18.75,9.999021503721756E7,-18.75
25,0.0,0.0,0.0,1.0,18.75,9.999019628721756E7,-18.75
25,0.0,0.0,0.0,1.0,18.75,9.999017753721756E7,-18.75
25,0.0,0.0,0.0,1.0,18.75,9.999015878721756E7,-18.75
25,0.0,0.0,0.0,1.0,18.75,9.999014003721756E7,-18.75
25,0.0,0.0,0.0,1.0,18.75,9.999012128721756E7,-18.75
25,0.0,0.0,0.0,1.0,18.75,9.999010253721756E7,-18.75
25,0.0,0.0,0.0,1.0,18.75,9.999008378721756E7,-18.75
25,0.0,0.0,0.0,1.0,18.75,9.999006503721756E7,-18.75
25,0.0,0.0,0.0,1.0,18.75,9.999004628721756E7,-18.75
25,0.0,0.0,0.0,1.0,18.75,9.999002753721756E7,-18.75
25,0.0,0.0,0.0,1.0,18.75,9.999000878721756E7,-18.75
25,0.0,0.0,0.0,1.0,18.75,9.998999003721756E7,-18.75
25,0.0,0.0,0.0,1.0,18.75,9.998997128721756E7,-18.75
25,0.0,0.0,0.0,1.0,18.75,9.998995253721756E7,-18.75
25,0.0,0.0,0.0,1.0,18.75,9.998993378721756E7,-18.75
25,0.0,0.0,0.0,1.0,18.75,9.998991503721756E7,-18.75
25,0.0,0.0,0.0,1.0,18.75,9.998989628721756E7,-18.75
25,0.0,0.0,0.0,1.0,18.75,9.998987753721756E7,-18.75
25,0.0,0.0,0.0,1.0,18.75,9.998985878721756E7,-18.75
25,0.0,0.0,0.0,1.0,18.75,9.998984003721756E7,-18.75
25,0.0,0.0,0.0,1.0,18.75,9.998982128721756E7,-18.75
25,0.0,0.0,0.0,1.0,18.75,9.998980253721756E7,-18.75
25,0.0,0.0,0.0,1.0,18.75,9.998978378721756E7,-18.75
25,0.0,0.0,0.0,1.0,18.75,9.998976503721756E7,-18.75
25,0.0,0.0,0.0,1.0,18.75,9.998974628721756E7,-18.75
25,0.0,0.0,0.0,1.0,18.75,9.998972753721756E7,-18.75
25,0.0,0.0,0.0,1.0,18.75,9.998970878721756E7,-18.75
25,0.0,0.0,0.0,1.0,18.75,9.998969003721756E7,-18.75
25,0.0,0.0,0.0,1.0,18.75,9.998967128721756E7,-18.75
25,0.0,0.0,0.0,1.0,18.75,9.998965253721756E7,-18.75
25,0.0,0.0,0.0,1.0,18.75,9.998963378721756E7,-18.75
25,0.0,0.0,0.0,1.0,18.75,9.998961503721756E7,-18.75
25,0.0,0.0,0.0,1.0,18.75,9.998959628721756E7,-18.75
25,0.0,0.0,0.0,1.0,18.75,9.998957753721756E7,-18.75
25,0.0,0.0,0.0,1.0,18.75,9.998955878721756E7,-18.75
25,0.0,0.0,0.0,1.0,18.75,9.998954003721756E7,-18.75
25,0.0,0.0,0.0,1.0,18.75,9.998952128721756E7,-18.75
25,0.0,0.0,0.0,1.0,18.75,9.998950253721756E7,-18.75
25,0.0,0.0,0.0,1.0,18.75,9.998948378721756E7,-18.75
25,0.0,0.0,0.0,1.0,18.75,9.998946503721756E7,-18.75
25,0.0,0.0,0.0,1.0,18.75,9.998944628721756E7,-18.75
25,0.0,0.0,0.0,1.0,18.75,9.998942753721756E7,-18.75
25,0.0,0.0,0.0,1.0,18.75,9.998940878721756E7,-18.75
25,0.0,0.0,0.0,1.0,18.75,9.998939003721756E7,-18.75
25,0.0,0.0,0.0,1.0,18.75,9.998937128721756E7,-18.75
25,0.0,0.0,0.0,1.0,18.75,9.998935253721756E7,-18.75
25,0.0,0.0,0.0,1.0,18.75,9.998933378721756E7,-18.75
25,0.0,0.0,0.0,1.0,18.75,9.998931503721756E7,-18.75
25,0.0,0.0,0.0,1.0,18.75,9.998929628721756E7,-18.75
25,0.0,0.0,0.0,1.0,18.75,9.998927753721756E7,-18.75
25,0.0,0.0,0.0,1.0,18.75,9.998925878721756E7,-18.75
25,0.0,0.0,0.0,1.0,18.75,9.998924003721756E7,-18.75

